Name,CLIENTS,BALANCED CLIENTS,Picture,Total Revenue,Payment for clients total,Total Ajustes,VENDOR,Type,SUM Due Balanced,SUM Partial Balanced,SUM On time Balanced,SUM Pre Paid Balanced,Credit Limit (from Client list Link),Credit Avalible,SUM Final due balance,INTRA per Client,Balanced + Intra,Debt,Debt INTRA,Frozen Balanced Clients,Active clients,Cashflow,Payments in Transit
DUMMY,DUMMY,$0.00,,$0.00,$0.00,$0.00,,Client,$0.00,$0.00,$0.00,$0.00,,$0.00,$0.00,,$0.00,To pay,To pay,$0.00,,,$0.00
BLAU,,$46900.57,,$46900.57,$0.00,$0.00,BLAU,Vendor,$0.00,$0.00,$0.00,$0.00,,-$46900.57,$0.00,,$46900.57,Debt,Debt,$46900.57,,,$0.00
BROWN GTR,,$272101.30,,$272101.30,$0.00,$0.00,BROWN GTR,Vendor,$0.00,$0.00,$0.00,$0.00,,-$272101.30,$0.00,,$272101.30,Debt,Debt,$272101.30,,,$0.00
EAGLE ENERGY,,$25680.00,,$25680.00,$0.00,$0.00,EAGLE ENERGY,Vendor,$0.00,$0.00,$0.00,$0.00,,-$25680.00,$0.00,,$25680.00,Debt,Debt,$25680.00,,,$0.00
FAMA ENERGY,,$418461.10,,$418461.10,$0.00,$0.00,FAMA ENERGY,Vendor,$0.00,$0.00,$0.00,$0.00,,-$418461.10,$0.00,,$418461.10,Debt,Debt,$418461.10,,,$0.00
FREEDOM,,$3051049.06,,$3051049.06,$0.00,$0.00,FREEDOM,Vendor,$0.00,$0.00,$0.00,$0.00,,-$3051049.06,$0.00,,$3051049.06,Debt,Debt,$3051049.06,,,$0.00
GREYROCK,,$222308080.34,Diseño sin título (3).png (https://v5.airtableusercontent.com/v3/u/53/53/1778220000000/7wUOIXDP4gu_-36NymX7Kg/rFgVcCid9uK-3oi6-p150g0JyD6CKkZWeCH3hJXCuZUDOdojvOfGZ8xyk3vU8hJRxft4ezhQQ7L6KyqcT4NUDPH-ClSkmnKytf6qYb6trMvQV_VY1hEThc1_jikNaf_ac6fLrQpbl0NWDhjwBcZhPZ7rOMozaCZdtIvVl8kfKMk/bYFhPOCdGYxvMVgD2qGeBDpRBPSTePXPGA9eu17zOy8),$222308080.34,$0.00,$0.00,GREYROCK,Vendor,$0.00,$0.00,$0.00,$0.00,,-$222308080.34,$0.00,,$222308080.34,Debt,Debt,$68151406.07,,1/15/2025,$0.00
GREYROCK RAILCAR,,$388530.80,Diseño sin título (3).png (https://v5.airtableusercontent.com/v3/u/53/53/1778220000000/7wUOIXDP4gu_-36NymX7Kg/rFgVcCid9uK-3oi6-p150g0JyD6CKkZWeCH3hJXCuZUDOdojvOfGZ8xyk3vU8hJRxft4ezhQQ7L6KyqcT4NUDPH-ClSkmnKytf6qYb6trMvQV_VY1hEThc1_jikNaf_ac6fLrQpbl0NWDhjwBcZhPZ7rOMozaCZdtIvVl8kfKMk/bYFhPOCdGYxvMVgD2qGeBDpRBPSTePXPGA9eu17zOy8),$388530.80,$0.00,$0.00,GREYROCK RAILCAR,Vendor,$0.00,$0.00,$0.00,$0.00,,-$388530.80,$0.00,,$388530.80,Debt,Debt,$388530.80,,1/15/2025,$0.00
GTR,,$55801246.80,ORKA_LOGO_enhanced.png (https://v5.airtableusercontent.com/v3/u/53/53/1778220000000/ILqnowrtgrmnx9g2GMc0GQ/YaVO1dzNMTTXco_tx53eNSRL-OxKHWwuLY73wQ87Ojmk4q08FJGWbPsTaEj85EcZc8834rCcFz18i7fO28a8NvwVZnJb-edvOsLgGAFswtQESKyuVOAW6jYQf1Wo1p2duj7PO7m1Rdlb1QB9vVJ4zvR73V5xu3DMB_OboijzbaY/R33hz2mzIrq4cm8us2OSDVpGu9gzmM0oVyuMCnyyLYQ),$55801246.80,$0.00,$0.00,GTR,Vendor,$0.00,$0.00,$0.00,$0.00,,-$55801246.80,$0.00,,$55801246.80,Debt,Debt,$52438228.66,,1/15/2025,$0.00
GULF,,$13927707.12,,$13927707.12,$0.00,$0.00,GULF,Vendor,$0.00,$0.00,$0.00,$0.00,,-$13927707.12,$0.00,,$13927707.12,Debt,Debt,$13927707.12,,,$0.00
HUERTA,,$117152.75,,$117152.75,$0.00,$0.00,HUERTA,Vendor,$0.00,$0.00,$0.00,$0.00,,-$117152.75,$0.00,,$117152.75,Debt,Debt,$117152.75,,,$0.00
IKER,,$101962.77,,$101962.77,$0.00,$0.00,IKER,Vendor,$0.00,$0.00,$0.00,$0.00,,-$101962.77,$0.00,,$101962.77,Debt,Debt,$101962.77,,,$0.00
IKON,,$418218.15,,$418218.15,$0.00,$0.00,IKON,Vendor,$0.00,$0.00,$0.00,$0.00,,-$418218.15,$0.00,,$418218.15,Debt,Debt,$418218.15,,,$0.00
INVENTORY,,$71580.69,,$71580.69,$0.00,$0.00,INVENTORY,Vendor,$0.00,$0.00,$0.00,$0.00,,-$71580.69,$0.00,,$71580.69,Debt,Debt,$71580.69,,,$0.00
JPAC,,$8516998.95,,$8516998.95,$0.00,$0.00,JPAC,Vendor,$0.00,$0.00,$0.00,$0.00,,-$8516998.95,$0.00,,$8516998.95,Debt,Debt,$8516998.95,,,$0.00
LEI,,$26640882.21,,$26640882.21,$0.00,$0.00,LEI,Vendor,$0.00,$0.00,$0.00,$0.00,,-$26640882.21,$0.00,,$26640882.21,Debt,Debt,$26640882.21,,,$0.00
MG ENERGY,,$274669.56,,$274669.56,$0.00,$0.00,MG ENERGY,Vendor,$0.00,$0.00,$0.00,$0.00,,-$274669.56,$0.00,,$274669.56,Debt,Debt,$274669.56,,,$0.00
MODERN,,$81292311.23,Logos vendors (1).png (https://v5.airtableusercontent.com/v3/u/53/53/1778220000000/eSWbCFR5ZVPZxCvhpFLg4g/wAXL8InXutNPYj3n51Ec8rOJ2JtbSSU93SVp3vZ29naPobyahNhOgpVsMYf8xIt_ZvV_cpDvHMzoJZJgo1Zo7-i2uYJ0AOoVnqE6uzwfVOUlH_IGCS1H28pnxwESxla1JFzvjb5dt-qiCB0Gh4W1nvaYkNjsuV1k1oIShF3_2i8/TF2BXMMYbxehRcy0dZI8q8tujLIN7FPBsoni09cg5MA),$81292311.23,$0.00,$0.00,MODERN,Vendor,$0.00,$0.00,$0.00,$0.00,,-$81292311.23,$0.00,,$81292311.23,Debt,Debt,$19829284.69,,1/15/2025,$0.00
OLEUMV,,$280009.96,,$280009.96,$0.00,$0.00,OLEUMV,Vendor,$0.00,$0.00,$0.00,$0.00,,-$280009.96,$0.00,,$280009.96,Debt,Debt,$280009.96,,,$0.00
PETROJAF VENDOR,,$95275.34,,$95275.34,$0.00,$0.00,PETROJAF Vendor,Vendor,$0.00,$0.00,$0.00,$0.00,,-$95275.34,$0.00,,$95275.34,Debt,Debt,$95275.34,,,$0.00
SERV ENERGY,,$31247598.10,image (23).png (https://v5.airtableusercontent.com/v3/u/53/53/1778220000000/z3xoyMw0ayQjpPoD0qreig/0ZX606haiYvwYKfUU1xWphlnrnYP4zl_XwldCaswgCIkNlhIMJE_M1u9R9O3Z_Qt2Z0v1PsymbyhI6PmCliewsFkTnuV3xogUG1Gc2J6wscc2hNZCzUAyGOW1hC24-Rqm009e7SckTOzZpDUHxgnYS8eYfhMHYCECtlAGISZ3OA/ljcebDOY7TZGQW4kJ4wR1-gSIOPPSzKcIoBr2NL1HRM),$31247598.10,$0.00,$0.00,SERV ENERGY,Vendor,$0.00,$0.00,$0.00,$0.00,,-$31247598.10,$0.00,,$31247598.10,Debt,Debt,$30338117.12,,1/15/2025,$0.00
STFH,,$0.00,,$0.00,$0.00,$0.00,STFH,Vendor,$0.00,$0.00,$0.00,$0.00,,$0.00,$0.00,,$0.00,To pay,To pay,$0.00,,,$0.00
TARGA,,$44290.44,,$44290.44,$0.00,$0.00,TARGA,Vendor,$0.00,$0.00,$0.00,$0.00,,-$44290.44,$0.00,,$44290.44,Debt,Debt,$44290.44,,,$0.00
TARTAN,,$120877168.32,,$120877168.32,$0.00,$0.00,TARTAN,Vendor,$0.00,$0.00,$0.00,$0.00,,-$120877168.32,$0.00,,$120877168.32,Debt,Debt,$120877168.32,,,$0.00
TRITON ,,$34500200.35,,$34500200.35,$0.00,$0.00,TRITON,Vendor,$0.00,$0.00,$0.00,$0.00,,-$34500200.35,$0.00,,$34500200.35,Debt,Debt,$34500200.35,,,$0.00
TITAN,TITAN,$11396087.16,Logos vendors.png (https://v5.airtableusercontent.com/v3/u/53/53/1778220000000/bt6RXRjiHoUYpRjKsQvxzg/nlJi2VFv6oOi94Moil81DRdL35DCeQ2MQpvkxIGBQ0lIVs6PldT77Dz9Yfkq5J0qAWijT54HGxySRJctbCbl6gFjgRwsNoJN0kmWLKaGkwupgVyK5pxhyU2UMjWhQpk6qmskjdEIVAG12_0NQffOfH74QPvkJrI1MHODleizftc/8Bl8ux_cacrD8czWx3bQW2txFPVaWf_6ld40QGGsE9A),$11396087.16,$0.00,$0.00,TITAN,Vendor,$0.00,$0.00,$0.00,$0.00,,-$11396087.16,$0.00,,$11396087.16,Debt,Debt,$715372.61,,1/15/2025,$0.00
RIDE ON TIME,,$11812319.09,,$11812319.09,$0.00,$0.00,,Freight,$0.00,$0.00,$0.00,$0.00,,-$11812319.09,$0.00,,$11812319.09,Debt,Debt,$11812319.09,,,$0.00
LETZ GO,,$2857412.40,,$2857412.40,$0.00,$0.00,,Freight,$0.00,$0.00,$0.00,$0.00,,-$2857412.40,$0.00,,$2857412.40,Debt,Debt,$2857412.40,,,$0.00
PBR,,$3329067.41,,$3329067.41,$0.00,$0.00,,Freight,$0.00,$0.00,$0.00,$0.00,,-$3329067.41,$0.00,,$3329067.41,Debt,Debt,$3329067.41,,,$0.00
ONE FIVE,,$6639906.45,,$6639906.45,$0.00,$0.00,,Freight,$0.00,$0.00,$0.00,$0.00,,-$6639906.45,$0.00,,$6639906.45,Debt,Debt,$6639906.45,,,$0.00
FIMS,,$135617.41,,$135617.41,$0.00,$0.00,,Freight,$0.00,$0.00,$0.00,$0.00,,-$135617.41,$0.00,,$135617.41,Debt,Debt,$135617.41,,,$0.00
LOGISTICS,,$16354891.96,,$16354891.96,$0.00,$0.00,,Freight,$0.00,$0.00,$0.00,$0.00,,-$16354891.96,$0.00,,$16354891.96,Debt,Debt,$16334866.14,,,$0.00
BTO,,$1782605.99,,$1782605.99,$0.00,$0.00,,Freight,$0.00,$0.00,$0.00,$0.00,,-$1782605.99,$0.00,,$1782605.99,Debt,Debt,$1782605.99,,,$0.00
BTO TRANSPORT,,$96175.52,,$96175.52,$0.00,$0.00,,Freight,$0.00,$0.00,$0.00,$0.00,,-$96175.52,$0.00,,$96175.52,Debt,Debt,$29795.34,,,$0.00
UNITED,,$2146897.81,,$2146897.81,$0.00,$0.00,,Freight,$0.00,$0.00,$0.00,$0.00,,-$2146897.81,$0.00,,$2146897.81,Debt,Debt,$2115583.81,,,$0.00
DRACO,,$3730420.57,,$3730420.57,$0.00,$0.00,,Freight,$0.00,$0.00,$0.00,$0.00,,-$3730420.57,$0.00,,$3730420.57,Debt,Debt,$3730420.57,,,$0.00
RHINO,,$8325775.71,,$8325775.71,$0.00,$0.00,,Freight,$0.00,$0.00,$0.00,$0.00,,-$8325775.71,$0.00,,$8325775.71,Debt,Debt,$3308090.57,,1/15/2025,$0.00
BRAVE,,$864842.04,,$864842.04,$0.00,$0.00,,Freight,$0.00,$0.00,$0.00,$0.00,,-$864842.04,$0.00,,$864842.04,Debt,Debt,$833583.78,,,$0.00
ENTERPRISE,,$1855830.53,,$1855830.53,$0.00,$0.00,,Freight,$0.00,$0.00,$0.00,$0.00,,-$1855830.53,$0.00,,$1855830.53,Debt,Debt,$1855830.53,,,$0.00
KWW,,$818861.75,,$818861.75,$0.00,$0.00,,Freight,$0.00,$0.00,$0.00,$0.00,,-$818861.75,$0.00,,$818861.75,Debt,Debt,$818861.75,,,$0.00
XELA,,$105871.54,,$105871.54,$0.00,$0.00,,Freight,$0.00,$0.00,$0.00,$0.00,,-$105871.54,$0.00,,$105871.54,Debt,Debt,$105871.54,,,$0.00
JAR (freight),,$56586.30,,$56586.30,$0.00,$0.00,,Freight,$0.00,$0.00,$0.00,$0.00,,-$56586.30,$0.00,,$56586.30,Debt,Debt,$56586.30,,,$0.00
RIVAMA,,$22444.70,,$22444.70,$0.00,$0.00,,Freight,$0.00,$0.00,$0.00,$0.00,,-$22444.70,$0.00,,$22444.70,Debt,Debt,$22444.70,,,$0.00
BLUE FEATHER,,$950652.70,,$950652.70,$0.00,$0.00,,Freight,$0.00,$0.00,$0.00,$0.00,,-$950652.70,$0.00,,$950652.70,Debt,Debt,$1012121.43,,,$0.00
M&A,,$20173.02,,$20173.02,$0.00,$0.00,,Freight,$0.00,$0.00,$0.00,$0.00,,-$20173.02,$0.00,,$20173.02,Debt,Debt,$20173.02,,,$0.00
KIMINAA,,$141062.72,,$141062.72,$0.00,$0.00,,Freight,$0.00,$0.00,$0.00,$0.00,,-$141062.72,$0.00,,$141062.72,Debt,Debt,$86869.40,,,$0.00
LUMEN,,$1030886.60,,$1030886.60,$0.00,$0.00,,Freight,$0.00,$0.00,$0.00,$0.00,,-$1030886.60,$0.00,,$1030886.60,Debt,Debt,$947153.30,,1/15/2025,$0.00
PC,,$129730.79,,$129730.79,$0.00,$0.00,,Freight,$0.00,$0.00,$0.00,$0.00,,-$129730.79,$0.00,,$129730.79,Debt,Debt,$129730.79,,,$0.00
PRETORIAN,,$57791.16,,$57791.16,$0.00,$0.00,,Freight,$0.00,$0.00,$0.00,$0.00,,-$57791.16,$0.00,,$57791.16,Debt,Debt,$57791.16,,,$0.00
FMB ENERGY,,$75662.89,,$75662.89,$0.00,$0.00,,Freight,$0.00,$0.00,$0.00,$0.00,,-$75662.89,$0.00,,$75662.89,Debt,Debt,$75662.89,,,$0.00
RBC,,$38069.80,,$38069.80,$0.00,$0.00,,Freight,$0.00,$0.00,$0.00,$0.00,,-$38069.80,$0.00,,$38069.80,Debt,Debt,$38069.80,,,$0.00
INVENTORY ,,$17474.23,,$17474.23,$0.00,$0.00,,Freight,$0.00,$0.00,$0.00,$0.00,,-$17474.23,$0.00,,$17474.23,Debt,Debt,$17474.23,,,$0.00
HUMEC,,$7600.00,,$7600.00,$0.00,$0.00,,Freight,$0.00,$0.00,$0.00,$0.00,,-$7600.00,$0.00,,$7600.00,Debt,Debt,$7600.00,,,$0.00
N/A,,$0.00,,$0.00,$0.00,$0.00,,Freight,$0.00,$0.00,$0.00,$0.00,,$0.00,$0.00,,$0.00,To pay,To pay,$0.00,,,$0.00
KMINAA,,$0.00,,$0.00,$0.00,$0.00,,Freight,$0.00,$0.00,$0.00,$0.00,,$0.00,$0.00,,$0.00,To pay,To pay,$122083.18,,,$0.00
JCH,,$3420187.23,,$3420187.23,$0.00,$0.00,,Freight,$0.00,$0.00,$0.00,$0.00,,-$3420187.23,$0.00,,$3420187.23,Debt,Debt,$971850.11,,1/15/2025,$0.00
ZUÑIGA,,$171493.26,,$171493.26,$0.00,$0.00,,Freight,$0.00,$0.00,$0.00,$0.00,,-$171493.26,$0.00,,$171493.26,Debt,Debt,$171493.26,,,$0.00
MODERN - RAILCAR,,$10916897.97,Logos vendors (1).png (https://v5.airtableusercontent.com/v3/u/53/53/1778220000000/eSWbCFR5ZVPZxCvhpFLg4g/wAXL8InXutNPYj3n51Ec8rOJ2JtbSSU93SVp3vZ29naPobyahNhOgpVsMYf8xIt_ZvV_cpDvHMzoJZJgo1Zo7-i2uYJ0AOoVnqE6uzwfVOUlH_IGCS1H28pnxwESxla1JFzvjb5dt-qiCB0Gh4W1nvaYkNjsuV1k1oIShF3_2i8/TF2BXMMYbxehRcy0dZI8q8tujLIN7FPBsoni09cg5MA),$10916897.97,$0.00,$0.00,MODERN - RAILCAR,Vendor,$0.00,$0.00,$0.00,$0.00,,-$10916897.97,$0.00,,$10916897.97,Debt,Debt,,,1/15/2025,$0.00
ZUNIGA,,$0.00,,$0.00,$0.00,$0.00,,Freight,$0.00,$0.00,$0.00,$0.00,,$0.00,$0.00,,$0.00,To pay,To pay,,,,$0.00
SOUTHEM TEX,,$0.00,,$0.00,$0.00,$0.00,,Freight,$0.00,$0.00,$0.00,$0.00,,$0.00,$0.00,,$0.00,To pay,To pay,,,,$0.00
SOUTH TEXAS,,$3437662.16,,$3437662.16,$0.00,$0.00,,Freight,$0.00,$0.00,$0.00,$0.00,,-$3437662.16,$0.00,,$3437662.16,Debt,Debt,,,1/15/2025,$0.00
MEXIARB,,$0.00,MEXIARB.png (https://v5.airtableusercontent.com/v3/u/53/53/1778220000000/jmPJ1lze6azNzOBJZxhihw/ANwaPI31Y3yHI6B8rMMXjJZLHC8-55kTczlOHug2a8l8x7mNBM8Fi69KWVEh3DQTnEAyVnrpwQ0EkFcW-9-GjKfjy6HxmNQBICi0sT0ffrkOXEp7VCBDxeoefO16xvxt2cz_6Cc-djV9asd4c_3B-uE6lkQUhPq0jNZX55Jht1U/-BLgLpB-TwwqgBQYGSodg6eKlOsIkHS_Jtipe0G8FTg),$0.00,$0.00,$0.00,MEXIARB,Vendor,$0.00,$0.00,$0.00,$0.00,,$0.00,$0.00,,$0.00,To pay,To pay,,,1/15/2025,$0.00
NEW MEXXON,,$0.00,,$0.00,$0.00,$0.00,,,$0.00,$0.00,$0.00,$0.00,,$0.00,$0.00,,$0.00,To pay,To pay,,,,$0.00
jch,,$0.00,,$0.00,$0.00,$0.00,,,$0.00,$0.00,$0.00,$0.00,,$0.00,$0.00,,$0.00,To pay,To pay,,,,$0.00
ANI TRANSPORT  FREIGHT,,$123594.88,,$123594.88,$0.00,$0.00,,Freight,$0.00,$0.00,$0.00,$0.00,,-$123594.88,$0.00,,$123594.88,Debt,Debt,,,,$0.00
LUXEMBORG,,$15663.78,,$15663.78,$0.00,$0.00,,Freight,$0.00,$0.00,$0.00,$0.00,,-$15663.78,$0.00,,$15663.78,Debt,Debt,,,,$0.00
BRAVE HEARTS,,$0.00,,$0.00,$0.00,$0.00,,Freight,$0.00,$0.00,$0.00,$0.00,,$0.00,$0.00,,$0.00,To pay,To pay,,,,$0.00
New Lion,,$214736.65,,$214736.65,$0.00,$0.00,,Freight,$0.00,$0.00,$0.00,$0.00,,-$214736.65,$0.00,,$214736.65,Debt,Debt,,,,$0.00
FELIX,FELIX,$0.00,6SWtSUgwpTAj6Jrg6MYIZhBnAzy_BbPLaCUGbtZB7a8.png (https://v5.airtableusercontent.com/v3/u/53/53/1778220000000/g3R197Oi5xjg1xyAn4Natw/X7fGrlGJrWE7rxVEe9-lm4QVn1hYSuneEs7QUoJIWIvFw9egdlTShq9XmgUnzpk2bN-2Ab2gFr4qSavjVHJx7XhbP44sftujuhWQqHHqExbhAuxQRiz68BtbQL-fX7mJadW7h9ZMPXIgK9csd67qOEF2SESoIsNULiieuuDWxlerXE7JPki6IAuB4FFxxeVInemJ9d3UUbg24doYtocNVw/KQ5WMDVbxURuNmez-J8CNnCmtkCzeTv95UAHSWYsyoQ),$0.00,$0.00,$0.00,,Client,$0.00,$0.00,$0.00,$0.00,,$0.00,$0.00,,$0.00,To pay,To pay,,,,$0.00
Alexis Supplier,,$168450.24,,$168450.24,$0.00,$0.00,,Freight,$0.00,$0.00,$0.00,$0.00,,-$168450.24,$0.00,,$168450.24,Debt,Debt,,,,$0.00
ALPHA,ALPHA,$762710.25,Imagen de WhatsApp 2024-10-15 a las 11.29.07_0de710b3.jpg (https://v5.airtableusercontent.com/v3/u/53/53/1778220000000/SiUTzHC4o0yWF5jOJnblpQ/t7a61dIXuvN69JvT_ozLLm1ouWbZHK9ExrWlvloBmrntv9MSNfySZmpajcxtJZ73wstSEDgNs4vOd5XTYdWjflZVfSFF94IeKJkrPlWWs2SnZaAnt1nuzO6MJ6tQeDBBHj7el2kOdhJJn5vpu_1NVzsn_xG1E6kFHNRUYt3J3NUcaxAPS1ROBSdzfMlqRORoH-Nj2lLEyswdnhvCl_aoRA/NO5WkBOoWr79PPBn_78Zs1bUjxuW4xhT5lRgYARjwCA),$192012976.67,-$190664404.06,-$585862.36,,Client,$0.00,$0.00,$0.00,$0.00,$1500000.00,$737289.75,$0.00,$0.00,$762710.25,Debt,Debt,$762710.25,Active,1/15/2025,$0.00
CAMPER,CAMPER,$59967.95,Camper.png (https://v5.airtableusercontent.com/v3/u/53/53/1778220000000/whwuyU0nO7qACBbr2FUtpQ/YWQRN6-x3Ntna6QumyibXgrNYGoEshQWEbGZcHPoO6y1PWm5nYtetOIA97QZVQWXEztsx7B_YVgKLWDWWt8S0c8rBOKXYkY24I9jNjHI_VqMuB7Q5Pj32HUXQdpZc93bBpC05A_lm5pSpxRBPq2hIh53jGlclwObv8h099hDamg/qpox41QqwEUOHboI1jn8gS87NQjLjNyOdQ8sG_XYTnQ),$67107241.32,-$66600173.37,-$447100.00,,Client,$0.00,$0.00,$0.00,$0.00,$10000.00,-$49967.95,$0.00,$0.00,$59967.95,Debt,Debt,$59967.95,Active,1/15/2025,$0.00
CIAY,CIAY,$1236.44,ORKA_LOGO_enhanced.png (https://v5.airtableusercontent.com/v3/u/53/53/1778220000000/ILqnowrtgrmnx9g2GMc0GQ/YaVO1dzNMTTXco_tx53eNSRL-OxKHWwuLY73wQ87Ojmk4q08FJGWbPsTaEj85EcZc8834rCcFz18i7fO28a8NvwVZnJb-edvOsLgGAFswtQESKyuVOAW6jYQf1Wo1p2duj7PO7m1Rdlb1QB9vVJ4zvR73V5xu3DMB_OboijzbaY/R33hz2mzIrq4cm8us2OSDVpGu9gzmM0oVyuMCnyyLYQ),$45470155.22,-$42558723.08,-$2910195.70,,Client,$18462.87,$2230.51,$0.00,$0.00,$10000.00,$8763.56,$20693.38,$0.00,$1236.44,Debt,Debt,$1236.44,Active,1/15/2025,$0.00
DDP,DDP,-$17793.34,,$3449712.16,-$3523252.85,$55747.35,,Client,$0.00,$0.00,$0.00,-$23654.58,$10000.00,$27793.34,$0.00,$0.00,-$17793.34,To pay,To pay,-$17793.34,Active,1/15/2025,$0.00
ENERGAX,ENERGAX,-$0.00,image (22).png (https://v5.airtableusercontent.com/v3/u/53/53/1778220000000/liId-F7pEgBqlaL-86iZZw/KcwXQi_2ArvmC0YiUWCZ2C1-Q-QvYaL2zf2PmEvXqXrNbx5pSAUr-haKz0U_LFeKO1LnDyANurTPijIj6YB5o6V4-ZyvtkuW2J8cUjtolQsEhtH2CDZ3c7CGcjK_OCHSl5tZdYWsdatrdJ2F3f5j5K7WcY9B6kDoxaVlUeOC0Qk/aByVZ0KcWPoI1Cett9V505CK4W6V4IXJIEjGD8-0zcs),$14274755.24,-$14173122.78,-$101632.46,,Client,$25434.00,$15325.50,$0.00,$0.00,$10000.00,$10000.00,$40759.49,$0.00,-$0.00,To pay,To pay,-$0.00,Active,1/15/2025,$0.00
GANDARA,GANDARA,$0.00,ORKA_LOGO_enhanced.png (https://v5.airtableusercontent.com/v3/u/53/53/1778220000000/ILqnowrtgrmnx9g2GMc0GQ/YaVO1dzNMTTXco_tx53eNSRL-OxKHWwuLY73wQ87Ojmk4q08FJGWbPsTaEj85EcZc8834rCcFz18i7fO28a8NvwVZnJb-edvOsLgGAFswtQESKyuVOAW6jYQf1Wo1p2duj7PO7m1Rdlb1QB9vVJ4zvR73V5xu3DMB_OboijzbaY/R33hz2mzIrq4cm8us2OSDVpGu9gzmM0oVyuMCnyyLYQ),$23120068.36,-$22953704.48,-$166363.88,,Client,$0.00,$0.00,$0.00,$0.00,$10000.00,$10000.00,$0.00,$0.00,$0.00,To pay,To pay,$0.00,Active,1/15/2025,$0.00
PETROJAF,PETROJAF,$59.49,Petrojaf.png (https://v5.airtableusercontent.com/v3/u/53/53/1778220000000/dtb8dbYmXOTXzBrMzN0E3Q/wVyMSVf42ppPad5MyT2UIi9tdyhP3CyFd6_0Uh5goTb_6jpVCxUZHodDen5zG218K9PbqurE405jdvjpzinVAvb01cbbfNfg2Ni11TNKyOgumrLz94EuILddN523Aw6c6FH52HxbMBsMLLB3kgXUKZVWI3jpqUZftD-vlKZHOIo/yBEJuYsIv7n6gYWMVRi9U5rIBRHDH3YTKJGXZ46Az9g),$34000725.13,-$33669897.31,-$330768.33,,Client,$0.00,$0.00,$0.00,-$0.00,$10000.00,$9940.51,$0.00,$0.00,$59.49,Debt,Debt,$59.49,Active,1/15/2025,$0.00
PETROJAF NAPHTHA,PETROJAF NAPHTHA,$0.00,Petrojaf (1).png (https://v5.airtableusercontent.com/v3/u/53/53/1778220000000/SLk4n84d_6j1rRl-nisyBw/zli0Tn359_rCE66O6BM-HBdnTAc-zTX9qUAU5GFvK5XpzTn6wchgmKgPww1qodyUdtakBVASOnDHRv5HUxqceqfQWohq9bVe2diByRChLHfeBgx5Nugn02ttMpAQLK4J-aw-e4TR42gKQrOBxo6Epzmn6Yqb5TNulTJDnx3Qd6w/X6phUZhnAW1JQOzrBjMC651zB1zk-2LoRYBhqdj9riY),$10653685.41,-$10637420.99,-$16264.42,,Client,$0.00,$0.00,$0.00,$0.00,$0.00,-$0.00,$0.00,$0.00,$0.00,To pay,To pay,$0.00,Active,1/15/2025,$0.00
PETROQUIRSAN,PETROQUIRSAN,-$28792.33,Petroquirsan.png (https://v5.airtableusercontent.com/v3/u/53/53/1778220000000/IA8rQjv5OVRhr4lDg0adpw/3l-MkcYzkZEwte6QSErYrZgiBeAOQY1XKHa0LptZXndmdsVRy02Scu98gZWbJkjwOuU46bf1mW299uhhh2YuC5TkUIEM_iGVff7orlEw6sVVMWmKtTo8_ZIiX2_rE4lXhjeYOUngR8eTIOQmfk3qQqez5pmJkZp54DT3ps8_3mU/30LG-Hl2f0qXqr7By7vs_yHx31AReTW9NK2vGZXuY9M),$5188799.16,-$5217591.49,$0.00,,Client,$0.00,$0.00,$0.00,-$0.01,$10000.00,$38792.33,$0.00,$0.00,-$28792.33,To pay,To pay,-$28792.33,Active,1/15/2025,$0.00
RM LIBEMIVAL,RM LIBEMIVAL,$0.00,ORKA_LOGO_enhanced.png (https://v5.airtableusercontent.com/v3/u/53/53/1778220000000/ILqnowrtgrmnx9g2GMc0GQ/YaVO1dzNMTTXco_tx53eNSRL-OxKHWwuLY73wQ87Ojmk4q08FJGWbPsTaEj85EcZc8834rCcFz18i7fO28a8NvwVZnJb-edvOsLgGAFswtQESKyuVOAW6jYQf1Wo1p2duj7PO7m1Rdlb1QB9vVJ4zvR73V5xu3DMB_OboijzbaY/R33hz2mzIrq4cm8us2OSDVpGu9gzmM0oVyuMCnyyLYQ),$843613.03,-$843613.03,$0.00,,Client,$0.00,$0.00,$0.00,$0.00,$10000.00,$10000.00,$0.00,$0.00,$0.00,To pay,To pay,$0.00,Active,1/15/2025,$0.00
TEXAS INT,TEXAS INT,$1931.20,TIF.png (https://v5.airtableusercontent.com/v3/u/53/53/1778220000000/j2GNE8je-xcsQImgiKy4RQ/oZkqXIfituQa6X4fZHgGMlMjEYUYvPNsSG7iG5Emxdcekflt6NJQVNIatVlfaTGxnoZOCCLhR50928DNzaBDOR88hzIKN917TEyWEc3YzMLHbUpxSNIua-NNr1FLXTdeDmwHj8JhHE7jfH3kkYpOzQ/tElSvv2E1M5VElMqf9A-lNZLvL4EGH9aTKbdm_JY8pU),$3041391.70,-$3039460.50,$0.00,,Client,$0.00,$0.00,$0.00,$0.00,$10000.00,$8068.80,$0.00,$0.00,$1931.20,Debt,Debt,$1931.20,Active,,$0.00
J&A ENERGY,J&A ENERGY,-$57.54,J&A ENERGY.png (https://v5.airtableusercontent.com/v3/u/53/53/1778220000000/9odPnQapu0OIGv20PzSwTg/5dX21qjtCZkpSvWXOCT036wTg5x-JzvM6e0Q2n1z-iBQFoyA6JOTXMyDxPFOii9GNNGgmDOUx-RpklUV0MS0q9F7DcqsjtiUMyt8rR2LfcAqhUv2zrVAA4dvt8TwPu2l7gd8qUrKRzH_PQnL-k8Fy5_MqfyocpQalQptiT7HYS4/44x3Rdlv4m2LsgRIxmE7Ye_O3dsbrCFlcwYMetjZ8VE),$233501.06,-$236952.75,$3394.16,,Client,$0.00,$0.00,$0.00,-$1196.16,$10000.00,$10057.54,$0.00,$0.00,-$57.54,To pay,To pay,-$57.54,Active,,$0.00
JG,JG,$0.00,ORKA_LOGO_enhanced.png (https://v5.airtableusercontent.com/v3/u/53/53/1778220000000/ILqnowrtgrmnx9g2GMc0GQ/YaVO1dzNMTTXco_tx53eNSRL-OxKHWwuLY73wQ87Ojmk4q08FJGWbPsTaEj85EcZc8834rCcFz18i7fO28a8NvwVZnJb-edvOsLgGAFswtQESKyuVOAW6jYQf1Wo1p2duj7PO7m1Rdlb1QB9vVJ4zvR73V5xu3DMB_OboijzbaY/R33hz2mzIrq4cm8us2OSDVpGu9gzmM0oVyuMCnyyLYQ),$1801037.00,-$1801037.00,$0.00,,Client,$0.00,$0.00,$0.00,-$1135.68,$10000.00,$10000.00,$0.00,$0.00,$0.00,To pay,To pay,$0.00,Active,1/15/2025,$0.00
DUMMY CLIENT,DUMMY CLIENT,$0.00,,$0.00,$0.00,$0.00,,Client,$0.00,$0.00,$0.00,$0.00,$10000.00,$10000.00,$0.00,$0.00,$0.00,To pay,To pay,$0.00,Active,1/15/2025,$0.00
MOISES ENERGY,MOISES ENERGY,$0.00,ORKA_LOGO_enhanced.png (https://v5.airtableusercontent.com/v3/u/53/53/1778220000000/ILqnowrtgrmnx9g2GMc0GQ/YaVO1dzNMTTXco_tx53eNSRL-OxKHWwuLY73wQ87Ojmk4q08FJGWbPsTaEj85EcZc8834rCcFz18i7fO28a8NvwVZnJb-edvOsLgGAFswtQESKyuVOAW6jYQf1Wo1p2duj7PO7m1Rdlb1QB9vVJ4zvR73V5xu3DMB_OboijzbaY/R33hz2mzIrq4cm8us2OSDVpGu9gzmM0oVyuMCnyyLYQ),$57753.99,-$86109.39,$28355.40,,Client,$0.00,$0.00,$0.00,$0.00,$10000.00,$10000.00,$0.00,$0.00,$0.00,To pay,To pay,$0.00,Active,,$0.00
NEW MEXXON ,NEW MEXXON ,-$1.33,ORKA_LOGO_enhanced.png (https://v5.airtableusercontent.com/v3/u/53/53/1778220000000/ILqnowrtgrmnx9g2GMc0GQ/YaVO1dzNMTTXco_tx53eNSRL-OxKHWwuLY73wQ87Ojmk4q08FJGWbPsTaEj85EcZc8834rCcFz18i7fO28a8NvwVZnJb-edvOsLgGAFswtQESKyuVOAW6jYQf1Wo1p2duj7PO7m1Rdlb1QB9vVJ4zvR73V5xu3DMB_OboijzbaY/R33hz2mzIrq4cm8us2OSDVpGu9gzmM0oVyuMCnyyLYQ),$12097982.79,-$12101480.12,$3496.00,,Client,$0.00,$0.00,$0.00,$0.00,$750000.00,$750001.33,$0.00,$0.00,-$1.33,To pay,To pay,-$1.33,Active,1/15/2025,$0.00
CAMPER CARROTANQUES,CAMPER CARROTANQUES,$16593.71,Camper (1).png (https://v5.airtableusercontent.com/v3/u/53/53/1778220000000/psB9z-N9XCFxsgERlIFFbA/BYs-m-LQmB7nDxs2pmW3ps0czSii0qu1qiIqxE_Tg-eYkPcy5VmYDOsxo7lbiqv0UcCHSzy0yIMjHXW1kNiWRbL5kCG0e8b6EthoW4YRR54hrR8kuCn9PNdPhxEwGny-zffzeGTYwyjCnLHWmZ6HtrNrsaV0Zf1HVRLOsu3BYQo/arT-WcqQVDuki8U2pQnwt-Sjef2keJkHJfRik2W0YUQ),$1491239.87,-$1474646.16,$0.00,,Client,$0.00,$0.00,$0.00,$0.00,$10000.00,-$6593.71,$0.00,$0.00,$16593.71,Debt,Debt,$16593.71,Active,1/15/2025,$0.00
REGINA ENERGY,REGINA ENERGY,$0.00,ORKA_LOGO_enhanced.png (https://v5.airtableusercontent.com/v3/u/53/53/1778220000000/ILqnowrtgrmnx9g2GMc0GQ/YaVO1dzNMTTXco_tx53eNSRL-OxKHWwuLY73wQ87Ojmk4q08FJGWbPsTaEj85EcZc8834rCcFz18i7fO28a8NvwVZnJb-edvOsLgGAFswtQESKyuVOAW6jYQf1Wo1p2duj7PO7m1Rdlb1QB9vVJ4zvR73V5xu3DMB_OboijzbaY/R33hz2mzIrq4cm8us2OSDVpGu9gzmM0oVyuMCnyyLYQ),$0.00,-$41706.00,$41706.00,,Client,$0.00,$0.00,$0.00,$0.00,$10000.00,$10000.00,$0.00,$0.00,$0.00,To pay,To pay,$0.00,Active,1/15/2025,$0.00
CAMPER EAGLE,CAMPER EAGLE,-$0.00,Camper Eagle.png (https://v5.airtableusercontent.com/v3/u/53/53/1778220000000/I4JyAKKOOk8LDmldBqJ2jw/v-QdPRyqtqTOlmT6EF8SSKUW6WbbfIOIevrJElAsaAWzQTmV7HnD6YIk_9SqUhjawn_jv3IAp44ALgqTb86fhbEviYaFaOAoiN5iW6cCeN-6-6wxN9zrTaA42ZyPEsgNGyuNrQC57sWbZsM4g_SA80kMLcXQfjgs55awnUkkVmw/cosOIbvvZPb9n5orYpaHR0TXt8FB2bvLEGUTzqibFO8),$4194304.33,-$4194304.33,$0.00,,Client,$0.00,$0.00,$0.00,$0.00,$250000.00,$250000.00,$0.00,$0.00,-$0.00,To pay,To pay,-$0.00,Active,1/15/2025,$0.00
FEPE,FEPE,$0.00,ORKA_LOGO_enhanced.png (https://v5.airtableusercontent.com/v3/u/53/53/1778220000000/ILqnowrtgrmnx9g2GMc0GQ/YaVO1dzNMTTXco_tx53eNSRL-OxKHWwuLY73wQ87Ojmk4q08FJGWbPsTaEj85EcZc8834rCcFz18i7fO28a8NvwVZnJb-edvOsLgGAFswtQESKyuVOAW6jYQf1Wo1p2duj7PO7m1Rdlb1QB9vVJ4zvR73V5xu3DMB_OboijzbaY/R33hz2mzIrq4cm8us2OSDVpGu9gzmM0oVyuMCnyyLYQ),$4035059.24,-$4035059.24,$0.00,,Client,$0.00,$0.00,$0.00,$0.00,$10000.00,$10000.00,$0.00,$0.00,$0.00,To pay,To pay,$0.00,Active,1/15/2025,$0.00
VALLEY FUELS,VALLEY FUELS,-$349.25,,$13490.75,-$13840.00,$0.00,,Client,$0.00,$0.00,$0.00,$0.00,$10000.00,$10349.25,$0.00,$0.00,-$349.25,To pay,To pay,-$349.25,Active,1/15/2025,$0.00
CARROTANQUES ETHANOL PLUS,CARROTANQUES ETHANOL PLUS,-$0.00,ORKA_LOGO_enhanced.png (https://v5.airtableusercontent.com/v3/u/53/53/1778220000000/ILqnowrtgrmnx9g2GMc0GQ/YaVO1dzNMTTXco_tx53eNSRL-OxKHWwuLY73wQ87Ojmk4q08FJGWbPsTaEj85EcZc8834rCcFz18i7fO28a8NvwVZnJb-edvOsLgGAFswtQESKyuVOAW6jYQf1Wo1p2duj7PO7m1Rdlb1QB9vVJ4zvR73V5xu3DMB_OboijzbaY/R33hz2mzIrq4cm8us2OSDVpGu9gzmM0oVyuMCnyyLYQ),$147813.43,-$147813.43,$0.00,,Client,$0.00,$0.00,$0.00,$0.00,$10000.00,$10000.00,$0.00,$0.00,-$0.00,To pay,To pay,-$0.00,Active,1/15/2025,$0.00
CRISMON,CRISMON,-$2923.46,ORKA_LOGO_enhanced.png (https://v5.airtableusercontent.com/v3/u/53/53/1778220000000/ILqnowrtgrmnx9g2GMc0GQ/YaVO1dzNMTTXco_tx53eNSRL-OxKHWwuLY73wQ87Ojmk4q08FJGWbPsTaEj85EcZc8834rCcFz18i7fO28a8NvwVZnJb-edvOsLgGAFswtQESKyuVOAW6jYQf1Wo1p2duj7PO7m1Rdlb1QB9vVJ4zvR73V5xu3DMB_OboijzbaY/R33hz2mzIrq4cm8us2OSDVpGu9gzmM0oVyuMCnyyLYQ),$1574896.47,-$1577819.93,$0.00,,Client,$0.00,$0.00,$0.00,$0.00,$10000.00,$12923.46,$0.00,$0.00,-$2923.46,To pay,To pay,-$2923.46,Active,1/15/2025,$0.00
DDP CARROTANQUES,DDP CARROTANQUES,$4235.67,ORKA_LOGO_enhanced.png (https://v5.airtableusercontent.com/v3/u/53/53/1778220000000/ILqnowrtgrmnx9g2GMc0GQ/YaVO1dzNMTTXco_tx53eNSRL-OxKHWwuLY73wQ87Ojmk4q08FJGWbPsTaEj85EcZc8834rCcFz18i7fO28a8NvwVZnJb-edvOsLgGAFswtQESKyuVOAW6jYQf1Wo1p2duj7PO7m1Rdlb1QB9vVJ4zvR73V5xu3DMB_OboijzbaY/R33hz2mzIrq4cm8us2OSDVpGu9gzmM0oVyuMCnyyLYQ),$732544.57,-$728308.90,$0.00,,Client,$0.00,$0.00,$0.00,$0.00,$10000.00,$5764.33,$0.00,$0.00,$4235.67,Debt,Debt,$4235.67,Active,1/15/2025,$0.00
ALPHA BLUEWING,ALPHA BLUEWING,$0.00,Logos Orka (3).png (https://v5.airtableusercontent.com/v3/u/53/53/1778220000000/okRqybmrhIi-u1j2GqwguQ/I4rI43FzosCQ6vBQ4EUH_JKmDgphIug8cnLGtLgOE9r0sQYMvZM-xJvibrrSGZzwrcRT4Y5AGIf7WIaJekSiRHMcbdFPtpeU9fb0JSKrutmIcnB8cxrRNWwRy0FRxMiBizB8P4MTlCRHigVaW1y9bqZ914sDZaIuVhPFFaA7688/qE_JNl9H5ICCun_tUKQ1H8ccMCpiCf4Ppt0wSKsILTY),$4550927.14,-$4550927.14,$0.00,,Client,$0.00,$0.00,$0.00,$0.00,$50000.00,$50000.00,$0.00,$0.00,$0.00,To pay,To pay,$0.00,Active,1/15/2025,$0.00
CONTRERAS,CONTRERAS,$0.00,ORKA_LOGO_enhanced.png (https://v5.airtableusercontent.com/v3/u/53/53/1778220000000/ILqnowrtgrmnx9g2GMc0GQ/YaVO1dzNMTTXco_tx53eNSRL-OxKHWwuLY73wQ87Ojmk4q08FJGWbPsTaEj85EcZc8834rCcFz18i7fO28a8NvwVZnJb-edvOsLgGAFswtQESKyuVOAW6jYQf1Wo1p2duj7PO7m1Rdlb1QB9vVJ4zvR73V5xu3DMB_OboijzbaY/R33hz2mzIrq4cm8us2OSDVpGu9gzmM0oVyuMCnyyLYQ),$39234.91,-$42000.00,$2765.09,,Client,$0.00,$0.00,$0.00,$0.00,$10000.00,$10000.00,$0.00,$0.00,$0.00,To pay,To pay,$0.00,Active,1/15/2025,$0.00
RM - Materias Primas,RM - Materias Primas,-$0.02,ORKA_LOGO_enhanced.png (https://v5.airtableusercontent.com/v3/u/53/53/1778220000000/ILqnowrtgrmnx9g2GMc0GQ/YaVO1dzNMTTXco_tx53eNSRL-OxKHWwuLY73wQ87Ojmk4q08FJGWbPsTaEj85EcZc8834rCcFz18i7fO28a8NvwVZnJb-edvOsLgGAFswtQESKyuVOAW6jYQf1Wo1p2duj7PO7m1Rdlb1QB9vVJ4zvR73V5xu3DMB_OboijzbaY/R33hz2mzIrq4cm8us2OSDVpGu9gzmM0oVyuMCnyyLYQ),$731561.50,-$731561.52,$0.00,,Client,$0.00,$0.00,$0.00,$0.00,$500000.00,$500000.02,$0.00,$0.00,-$0.02,To pay,To pay,-$0.02,Active,,$0.00
RM - JB FUELS,RM - JB FUELS,-$0.00,ORKA_LOGO_enhanced.png (https://v5.airtableusercontent.com/v3/u/53/53/1778220000000/ILqnowrtgrmnx9g2GMc0GQ/YaVO1dzNMTTXco_tx53eNSRL-OxKHWwuLY73wQ87Ojmk4q08FJGWbPsTaEj85EcZc8834rCcFz18i7fO28a8NvwVZnJb-edvOsLgGAFswtQESKyuVOAW6jYQf1Wo1p2duj7PO7m1Rdlb1QB9vVJ4zvR73V5xu3DMB_OboijzbaY/R33hz2mzIrq4cm8us2OSDVpGu9gzmM0oVyuMCnyyLYQ),$1507722.25,-$1507722.25,$0.00,,Client,$0.00,$0.00,$0.00,$0.00,$500000.00,$500000.00,$0.00,$0.00,-$0.00,To pay,To pay,-$0.00,Active,,$0.00
ITEF,ITEF,$0.00,ORKA_LOGO_enhanced.png (https://v5.airtableusercontent.com/v3/u/53/53/1778220000000/ILqnowrtgrmnx9g2GMc0GQ/YaVO1dzNMTTXco_tx53eNSRL-OxKHWwuLY73wQ87Ojmk4q08FJGWbPsTaEj85EcZc8834rCcFz18i7fO28a8NvwVZnJb-edvOsLgGAFswtQESKyuVOAW6jYQf1Wo1p2duj7PO7m1Rdlb1QB9vVJ4zvR73V5xu3DMB_OboijzbaY/R33hz2mzIrq4cm8us2OSDVpGu9gzmM0oVyuMCnyyLYQ),$50133.38,-$127400.00,$77266.62,,Client,$0.00,$0.00,$0.00,$0.00,,$0.00,$0.00,$0.00,$0.00,To pay,To pay,$0.00,Active,,$0.00
CAMPER - TITAN,CAMPER - TITAN,$0.00,ORKA_LOGO_enhanced.png (https://v5.airtableusercontent.com/v3/u/53/53/1778220000000/ILqnowrtgrmnx9g2GMc0GQ/YaVO1dzNMTTXco_tx53eNSRL-OxKHWwuLY73wQ87Ojmk4q08FJGWbPsTaEj85EcZc8834rCcFz18i7fO28a8NvwVZnJb-edvOsLgGAFswtQESKyuVOAW6jYQf1Wo1p2duj7PO7m1Rdlb1QB9vVJ4zvR73V5xu3DMB_OboijzbaY/R33hz2mzIrq4cm8us2OSDVpGu9gzmM0oVyuMCnyyLYQ),$1520916.41,-$1520916.41,$0.00,,Client,$0.00,$0.00,$0.00,$0.00,$10000.00,$10000.00,$0.00,$0.00,$0.00,To pay,To pay,$0.00,Active,,$0.00
GLD TRANSPORTES,GLD TRANSPORTES,-$5.00,ORKA_LOGO_enhanced.png (https://v5.airtableusercontent.com/v3/u/53/53/1778220000000/ILqnowrtgrmnx9g2GMc0GQ/YaVO1dzNMTTXco_tx53eNSRL-OxKHWwuLY73wQ87Ojmk4q08FJGWbPsTaEj85EcZc8834rCcFz18i7fO28a8NvwVZnJb-edvOsLgGAFswtQESKyuVOAW6jYQf1Wo1p2duj7PO7m1Rdlb1QB9vVJ4zvR73V5xu3DMB_OboijzbaY/R33hz2mzIrq4cm8us2OSDVpGu9gzmM0oVyuMCnyyLYQ),$32465.88,-$32470.88,$0.00,,Client,$0.00,$0.00,$0.00,$0.00,$10000.00,$10005.00,$0.00,$0.00,-$5.00,To pay,To pay,-$5.00,Active,,$0.00
TIF RAILCARS,TIF RAILCARS,$0.00,TIF RAILCARS.png (https://v5.airtableusercontent.com/v3/u/53/53/1778220000000/Z8OhkgpqjQZV1b9Nf1RsYQ/xXr_f8ktec2031EQuqwn7CeGx59n1ZP7E_ZJ0CRhpuo5AJlkAenSuG_K7SVUNkFKJD7a2190HvB1SQ9-Wp5KxQqIhngV9_hPkiYYzJzi-JtNJuRuOUB3tDQ70JlagsjjiTpz5xNAoBZhsCN56e4HGKOlkt3kFwZvmlLTLjC6-9M/sdK2tUzZOSj2LTPc_YpVpVpKCSQQsOIRCclVThRRn04),$229459.80,-$229459.80,$0.00,,Client,$0.00,$0.00,$0.00,$0.00,,-$0.00,$0.00,$0.00,$0.00,To pay,To pay,$0.00,Active,,$0.00
CAMPER - HARLINGEN,CAMPER - HARLINGEN,$0.00,Camper (2).png (https://v5.airtableusercontent.com/v3/u/53/53/1778220000000/R1HrENjovkqRzIZdLdEJbw/iOiepf5ZlYPczzrbwc01jyP2PNHpkS0U8u_7gEtYDQhFbx8uRtL3om9JZy7XeRbvQTmHUbf6NfY7oLfVWgqknfLsqgb8Byf6HvuZVThEXB6NwcsaRkVIM7RLnEeRJ5NyhZonNvGC_rJudDjHn6LTzmgILxgTkW1hWqDrD36IgW0/FxSNwTAfF2rd9W-xk6L49JSWpt43u-Vekjb-xq4pVVA),$157127.46,-$157127.46,$0.00,,Client,$0.00,$0.00,$0.00,$0.00,,-$0.00,$0.00,$0.00,$0.00,To pay,To pay,$0.00,Active,,$0.00
GREYROCK CLIENT,GREYROCK CLIENT,$0.00,6SWtSUgwpTAj6Jrg6MYIZhBnAzy_BbPLaCUGbtZB7a8.png (https://v5.airtableusercontent.com/v3/u/53/53/1778220000000/g3R197Oi5xjg1xyAn4Natw/X7fGrlGJrWE7rxVEe9-lm4QVn1hYSuneEs7QUoJIWIvFw9egdlTShq9XmgUnzpk2bN-2Ab2gFr4qSavjVHJx7XhbP44sftujuhWQqHHqExbhAuxQRiz68BtbQL-fX7mJadW7h9ZMPXIgK9csd67qOEF2SESoIsNULiieuuDWxlerXE7JPki6IAuB4FFxxeVInemJ9d3UUbg24doYtocNVw/KQ5WMDVbxURuNmez-J8CNnCmtkCzeTv95UAHSWYsyoQ),$0.00,$0.00,$0.00,,Client,$0.00,$0.00,$0.00,$0.00,,$0.00,$0.00,$0.00,$0.00,To pay,To pay,$0.00,Active,,$0.00
ALPHA II,ALPHA II,-$5472933.11,,$0.00,-$5868029.52,$395096.41,,Client,$0.00,$0.00,$0.00,$0.00,,$5472933.11,$0.00,$0.00,-$5472933.11,To pay,To pay,-$5472933.11,Active,,$0.00
ALPHA ULSD,ALPHA ULSD,$0.00,6SWtSUgwpTAj6Jrg6MYIZhBnAzy_BbPLaCUGbtZB7a8.png (https://v5.airtableusercontent.com/v3/u/53/53/1778220000000/g3R197Oi5xjg1xyAn4Natw/X7fGrlGJrWE7rxVEe9-lm4QVn1hYSuneEs7QUoJIWIvFw9egdlTShq9XmgUnzpk2bN-2Ab2gFr4qSavjVHJx7XhbP44sftujuhWQqHHqExbhAuxQRiz68BtbQL-fX7mJadW7h9ZMPXIgK9csd67qOEF2SESoIsNULiieuuDWxlerXE7JPki6IAuB4FFxxeVInemJ9d3UUbg24doYtocNVw/KQ5WMDVbxURuNmez-J8CNnCmtkCzeTv95UAHSWYsyoQ),$17316.00,-$17316.00,$0.00,,Client,$0.00,$0.00,$0.00,$0.00,,$0.00,$0.00,$0.00,$0.00,To pay,To pay,$0.00,Active,,$0.00
Puente,Puente,-$2000.00,image.png (https://v5.airtableusercontent.com/v3/u/53/53/1778220000000/bE4MNumzHx15vbGkpyr8ag/K4haWEFdWQzxmSpXYUKlow6qwWi1hnNGRRqmlZPaWEkYI5mJrXrADm5DdXg7vJ2i7ftwCz92fce3VCUbvG9kdhJXEwgDxPh_aBaxCLM1QG6pqvC5coZJI6TSXJE7O3QpkZ4ODgFtt2cnyMDe9qR2cw/3pukv7NzgmhYOLDZBUAru9F6RQUVsVXJ8xFNx4GgvA0),$731274.33,-$432660.10,-$300614.23,,,$0.00,$0.00,$0.00,$0.00,,$2000.00,$0.00,$0.00,-$2000.00,To pay,To pay,-$2000.00,Active,,$0.00
ENGIOIL LOGISTICS,ENGIOIL LOGISTICS,-$0.01,6SWtSUgwpTAj6Jrg6MYIZhBnAzy_BbPLaCUGbtZB7a8.png (https://v5.airtableusercontent.com/v3/u/53/53/1778220000000/g3R197Oi5xjg1xyAn4Natw/X7fGrlGJrWE7rxVEe9-lm4QVn1hYSuneEs7QUoJIWIvFw9egdlTShq9XmgUnzpk2bN-2Ab2gFr4qSavjVHJx7XhbP44sftujuhWQqHHqExbhAuxQRiz68BtbQL-fX7mJadW7h9ZMPXIgK9csd67qOEF2SESoIsNULiieuuDWxlerXE7JPki6IAuB4FFxxeVInemJ9d3UUbg24doYtocNVw/KQ5WMDVbxURuNmez-J8CNnCmtkCzeTv95UAHSWYsyoQ),$546767.89,-$546767.90,$0.00,,,$0.00,$0.00,$0.00,$0.00,,$0.01,$0.00,$0.00,-$0.01,To pay,To pay,-$0.01,Active,,$0.00
ALEXIS,ALEXIS,-$0.23,6SWtSUgwpTAj6Jrg6MYIZhBnAzy_BbPLaCUGbtZB7a8.png (https://v5.airtableusercontent.com/v3/u/53/53/1778220000000/g3R197Oi5xjg1xyAn4Natw/X7fGrlGJrWE7rxVEe9-lm4QVn1hYSuneEs7QUoJIWIvFw9egdlTShq9XmgUnzpk2bN-2Ab2gFr4qSavjVHJx7XhbP44sftujuhWQqHHqExbhAuxQRiz68BtbQL-fX7mJadW7h9ZMPXIgK9csd67qOEF2SESoIsNULiieuuDWxlerXE7JPki6IAuB4FFxxeVInemJ9d3UUbg24doYtocNVw/KQ5WMDVbxURuNmez-J8CNnCmtkCzeTv95UAHSWYsyoQ),$458886.02,-$260820.55,-$198065.70,,Client,$0.00,$0.00,$0.00,$0.00,$10000.00,$10000.23,$0.00,$0.00,-$0.23,To pay,To pay,-$0.23,Non active,,$0.00
AMCA,AMCA,-$0.01,,$7918602.57,-$7918605.58,$3.00,,Client,$0.00,$0.00,$0.00,$0.00,$10000.00,$10000.01,$0.00,$0.00,-$0.01,To pay,To pay,-$0.01,Non active,,$0.00
ATF TRANSPORTES,ATF TRANSPORTES,-$559.26,,$20524.74,-$21084.00,$0.00,,Client,$0.00,$0.00,$0.00,-$559.26,$10000.00,$10559.26,$0.00,$0.00,-$559.26,To pay,To pay,-$559.26,Non active,,$0.00
AXL,AXL,$531.38,,$159446.38,-$158915.00,$0.00,,Client,$0.00,$531.38,$0.00,$0.00,$10000.00,$9468.62,$531.38,$0.00,$531.38,Debt,Debt,$531.38,Non active,,$0.00
BARTIM,BARTIM,-$0.00,,$206472.87,-$227672.55,$21199.68,,Client,$0.00,$0.00,$0.00,$0.00,$10000.00,$10000.00,$0.00,$0.00,-$0.00,To pay,To pay,-$0.00,Non active,,$0.00
BG OIL,BG OIL,$1397.55,,$49977.55,-$48580.00,$0.00,,Client,$0.00,$1397.55,$0.00,$0.00,$10000.00,$8602.45,$1397.55,$0.00,$1397.55,Debt,Debt,$1397.55,Non active,,$0.00
BIOGAS,BIOGAS,$11.76,,$997571.18,-$997559.42,$0.00,,Client,$0.00,$11.76,$0.00,$0.00,$10000.00,$9988.24,$11.76,$0.00,$11.76,Debt,Debt,$11.76,Non active,,$0.00
BLAU PETROL,BLAU PETROL,$4432.93,,$1466166.12,-$1458291.19,-$3442.00,,Client,$0.00,$4432.93,$0.00,$0.00,$10000.00,$5567.07,$4432.93,$0.00,$4432.93,Debt,Debt,$4432.93,Non active,,$0.00
CAZBER,CAZBER,-$0.00,273844464_105652748715900_3292391674156679666_n.jpg (https://v5.airtableusercontent.com/v3/u/53/53/1778220000000/0EKQ2oDwK-eJazQShRFTLA/u66zTdf7WmdARp9kbR3HCKS8TIxFDogR3etXzM8ugmhosyOqsBXSGodjzVZOuygWQgFMgxc3dQ0MPPYzPWUx4kt5H7bDadQMT3VTJhXGPcwXwC_Gj6Tm9B6C7dhpQ34KuIn_zbWMPwW42qlUWM3d9tongYoBn6qGAIcmCmVyOcrIq-ONV5UHrA4VJ2ULpraW9-0_Yer4uGkQG8aCo2FMxA/JtFvbTQYsASuMdstaDMZAo3edasO3zPhCK5u6zICKuE),$11434879.95,-$6932483.40,-$4502396.55,,Client,$157685.16,$3844.28,$0.00,$0.00,$10000.00,$10000.00,$161529.44,$0.00,-$0.00,To pay,To pay,-$0.00,Non active,,$0.00
CHITO ENERGY,CHITO ENERGY,$147.57,,$59699.57,$0.00,-$59552.00,,Client,$0.00,$147.57,$0.00,$0.00,$10000.00,$9852.43,$147.57,$0.00,$147.57,Debt,Debt,$147.57,Non active,,$0.00
CIAY - RAIL,CIAY - RAIL,$0.00,,$0.00,$0.00,$0.00,,Client,$388530.80,$0.00,$0.00,$0.00,$10000.00,$10000.00,$388530.80,$0.00,$0.00,To pay,To pay,$0.00,Non active,,$0.00
COMERCIALIZADORA,COMERCIALIZADORA,-$398.99,,$1299462.97,-$1299861.96,$0.00,,Client,$0.00,$0.00,$0.00,-$398.99,$10000.00,$10398.99,$0.00,$0.00,-$398.99,To pay,To pay,-$398.99,Non active,,$0.00
DALCRISE,DALCRISE,$0.00,,$2213430.50,-$2258117.51,$44687.01,,Client,$0.00,$0.00,$0.00,-$18872.66,$10000.00,$10000.00,$0.00,$0.00,$0.00,To pay,To pay,$0.00,Non active,,$0.00
DAUAJARE,DAUAJARE,$5958.49,,$2865972.95,-$2860014.46,$0.00,,Client,$0.00,$5958.36,$0.00,$0.00,$10000.00,$4041.51,$5958.36,$0.00,$5958.49,Debt,Debt,$5958.49,Non active,,$0.00
EAGLE ENERGY,EAGLE ENERGY,$1856.32,,$1175768.93,-$1173912.61,$0.00,,Client,$0.00,$1856.31,$0.00,$0.00,$10000.00,$8143.68,$1856.31,$0.00,$1856.32,Debt,Debt,$1856.32,Non active,,$0.00
EMESUR,EMESUR,-$2953.12,,$171961.13,-$174914.25,$0.00,,Client,$0.00,$0.00,$0.00,-$2953.12,$10000.00,$12953.12,$0.00,$0.00,-$2953.12,To pay,To pay,-$2953.12,Non active,,$0.00
ENERGETICOS,ENERGETICOS,$30.00,,$717941.96,-$717911.96,$0.00,,Client,$0.00,$30.00,$0.00,$0.00,$10000.00,$9970.00,$30.00,$0.00,$30.00,Debt,Debt,$30.00,Non active,,$0.00
ENERGROUP,ENERGROUP,-$543.54,,$9655609.38,-$9656152.92,$0.00,,Client,$0.00,$0.00,$0.00,-$543.54,$10000.00,$10543.54,$0.00,$0.00,-$543.54,To pay,To pay,-$543.54,Non active,,$0.00
FIELDS,FIELDS,$0.00,,$1699476.98,-$1699476.98,$0.00,,Client,$0.00,$0.00,$0.00,$0.00,$10000.00,$10000.00,$0.00,$0.00,$0.00,To pay,To pay,$0.00,Non active,,$0.00
FMB ENERGY,FMB ENERGY,$55395.17,,$55395.17,$0.00,$0.00,,Client,$55395.17,$0.00,$0.00,$0.00,$10000.00,-$45395.17,$55395.17,$0.00,$55395.17,Debt,Debt,$55395.17,Non active,,$0.00
GARVEL,GARVEL,$379.63,,$581055.42,-$580675.79,$0.00,,Client,$0.00,$379.63,$0.00,$0.00,$10000.00,$9620.37,$379.63,$0.00,$379.63,Debt,Debt,$379.63,Non active,,$0.00
GUERRA,GUERRA,$22359.68,,$1798510.76,-$1776151.08,$0.00,,Client,$20157.90,$2201.78,$0.00,$0.00,$10000.00,-$12359.68,$22359.68,$0.00,$22359.68,Debt,Debt,$22359.68,Non active,,$0.00
GURO,GURO,-$5437.32,,$4553016.37,-$4558453.69,$0.00,,Client,$0.00,$0.00,$0.00,-$5437.32,$10000.00,$15437.32,$0.00,$0.00,-$5437.32,To pay,To pay,-$5437.32,Non active,,$0.00
HICARBU,HICARBU,-$420.28,,$350816.48,-$351236.76,$0.00,,Client,$0.00,$0.00,$0.00,-$420.28,$10000.00,$10420.28,$0.00,$0.00,-$420.28,To pay,To pay,-$420.28,Non active,,$0.00
HIDROSAG,HIDROSAG,-$4090.28,,$191166.72,-$195257.00,$0.00,,Client,$0.00,$0.00,$0.00,-$4090.28,$10000.00,$14090.28,$0.00,$0.00,-$4090.28,To pay,To pay,-$4090.28,Non active,,$0.00
HUERTA,HUERTA,-$225.65,,$6427293.72,-$6509947.01,$82427.64,,Client,$0.00,$0.00,$0.00,-$225.91,$10000.00,$10225.65,$0.00,$0.00,-$225.65,To pay,To pay,-$225.65,Non active,,$0.00
HUMEC,HUMEC,-$2081.63,ORKA_LOGO_enhanced.png (https://v5.airtableusercontent.com/v3/u/53/53/1778220000000/ILqnowrtgrmnx9g2GMc0GQ/YaVO1dzNMTTXco_tx53eNSRL-OxKHWwuLY73wQ87Ojmk4q08FJGWbPsTaEj85EcZc8834rCcFz18i7fO28a8NvwVZnJb-edvOsLgGAFswtQESKyuVOAW6jYQf1Wo1p2duj7PO7m1Rdlb1QB9vVJ4zvR73V5xu3DMB_OboijzbaY/R33hz2mzIrq4cm8us2OSDVpGu9gzmM0oVyuMCnyyLYQ),$4084020.15,-$4086101.78,$0.00,,Client,$0.00,$0.00,$0.00,$0.00,$10000.00,$12081.63,$0.00,$0.00,-$2081.63,To pay,To pay,-$2081.63,Non active,,$0.00
ICOENSA,ICOENSA,-$14375.82,,$2867315.42,-$2881691.24,$0.00,,Client,$0.00,$0.00,$0.00,-$14375.82,$10000.00,$24375.82,$0.00,$0.00,-$14375.82,To pay,To pay,-$14375.82,Non active,,$0.00
IKER ENERGY,IKER ENERGY,$0.35,,$67027.35,-$67027.00,$0.00,,Client,$0.00,$0.00,$0.00,$0.00,$10000.00,$9999.65,$0.00,$0.00,$0.35,Debt,Debt,$0.35,Non active,,$0.00
INNOSOLV,INNOSOLV,-$836.51,,$405863.49,-$406700.00,$0.00,,Client,$0.00,$0.00,$0.00,-$836.51,$10000.00,$10836.51,$0.00,$0.00,-$836.51,To pay,To pay,-$836.51,Non active,,$0.00
JB FUELS,JB FUELS,-$0.00,,$1797537.22,-$1797537.22,$0.00,,Client,$0.00,$0.00,$0.00,$0.00,$10000.00,$10000.00,$0.00,$0.00,-$0.00,To pay,To pay,-$0.00,Non active,,$0.00
JALA ENERGY,JALA ENERGY,$0.00,,$31927.36,$0.00,-$31927.36,,Client,$0.00,$0.00,$0.00,$0.00,$10000.00,$10000.00,$0.00,$0.00,$0.00,To pay,To pay,$0.00,Non active,,$0.00
JAR FREIGHT,JAR FREIGHT,-$216.84,,$14666.10,-$14882.94,$0.00,,Client,$0.00,$0.00,$0.00,-$216.84,$10000.00,$10216.84,$0.00,$0.00,-$216.84,To pay,To pay,-$216.84,Non active,,$0.00
JEQUE,JEQUE,-$1491.39,,$63884.61,-$65376.00,$0.00,,Client,$0.00,$0.00,$0.00,-$1491.39,$10000.00,$11491.39,$0.00,$0.00,-$1491.39,To pay,To pay,-$1491.39,Non active,,$0.00
JOSUE ENERGY,JOSUE ENERGY,-$1672.03,,$288252.90,-$289924.93,$0.00,,Client,$0.00,$0.00,$0.00,-$1672.02,$10000.00,$11672.03,$0.00,$0.00,-$1672.03,To pay,To pay,-$1672.03,Non active,,$0.00
JPAC,JPAC,-$2952.14,ZBPdrbZDTITJSAk8ajF45p0wfcd1eRksOkKj3ZdnvE0.png (https://v5.airtableusercontent.com/v3/u/53/53/1778220000000/LfykntPqb47w7C4Bqu9tyQ/fD2BfR3b5o-KdSi2aHlz-y0R6pXoskeYyKK4TvEr5dTIiKc7Ef2YmwSsTDyz8b4BH3xsrn7wScXqzhJlB7VZJdC0EfJbfmZBpQaZsautYkIvqamWgh-k5dwnABP4m5NBYVGXuYBegdUv8HEvj2BwpIrdNjnWnRhyeKuWXZnTASnZmZ7h12Zv0OKBh3C197wVPPBaw21LkJfqE7uVA1kNfA/vAk0Qp4m9_Ogq-_AhUmBhl_xMxXcvT1xXUDYLFn3yyE),$2622742.68,-$2591546.05,-$34148.77,,Client,$41445.04,$1452.38,$0.00,$0.00,$10000.00,$12952.14,$42897.42,$0.00,-$2952.14,To pay,To pay,-$2952.14,Non active,,$0.00
JUAN ENERGY,JUAN ENERGY,$0.00,,$43065.50,-$30217.54,-$12847.95,,Client,$0.00,$12847.95,$0.00,$0.00,$10000.00,$10000.00,$12847.95,$0.00,$0.00,To pay,To pay,$0.00,Non active,,$0.00
LAMBRUCAR,LAMBRUCAR,$3608.87,,$512110.70,-$508501.83,$0.00,,Client,$0.00,$3608.87,$0.00,$0.00,$10000.00,$6391.13,$3608.87,$0.00,$3608.87,Debt,Debt,$3608.87,Non active,,$0.00
LEB ENERGY,LEB ENERGY,$55357.33,,$376517.75,-$321160.42,$0.00,,Client,$55357.33,$0.00,$0.00,$0.00,$10000.00,-$45357.33,$55357.33,$0.00,$55357.33,Debt,Debt,$55357.33,Non active,,$0.00
LEE ENERGY,LEE ENERGY,$50434.92,,$131839.96,-$81405.04,$0.00,,Client,$25420.36,$25014.56,$0.00,$0.00,$10000.00,-$40434.92,$50434.92,$0.00,$50434.92,Debt,Debt,$50434.92,Non active,,$0.00
LOWIN,LOWIN,-$142.33,,$258392.67,-$258535.00,$0.00,,Client,$0.00,$0.00,$0.00,-$145.33,$10000.00,$10142.33,$0.00,$0.00,-$142.33,To pay,To pay,-$142.33,Non active,,$0.00
LUIS BR,LUIS BR,-$0.00,,$31832.70,-$31832.70,$0.00,,Client,$0.00,$0.00,$0.00,$0.00,$10000.00,$10000.00,$0.00,$0.00,-$0.00,To pay,To pay,-$0.00,Non active,,$0.00
LUTHA,LUTHA,$19454.25,,$267098.57,-$247644.32,$0.00,,Client,$0.00,$19454.25,$0.00,$0.00,$10000.00,-$9454.25,$19454.25,$0.00,$19454.25,Debt,Debt,$19454.25,Non active,,$0.00
MAGDA,MAGDA,$0.00,,$271609.89,-$273869.36,$2259.47,,Client,$0.00,$0.00,$0.00,$0.00,$10000.00,$10000.00,$0.00,$0.00,$0.00,To pay,To pay,$0.00,Non active,,$0.00
MALESA,MALESA,$0.00,,$4878557.53,-$4906755.26,$28197.73,,Client,$0.00,$0.00,$0.00,-$181.17,$10000.00,$10000.00,$0.00,$0.00,$0.00,To pay,To pay,$0.00,Non active,,$0.00
MAQLUB,MAQLUB,-$8337.35,,$11160334.79,-$3610745.63,-$7557926.51,,Client,$0.00,$0.00,$0.00,$0.00,$10000.00,$18337.35,$0.00,$0.00,-$8337.35,To pay,To pay,-$8337.35,Non active,,$0.00
MAQUINARIA,MAQUINARIA,-$578.27,,$577415.49,-$577993.76,$0.00,,Client,$0.00,$0.00,$0.00,-$577.84,$10000.00,$10578.27,$0.00,$0.00,-$578.27,To pay,To pay,-$578.27,Non active,,$0.00
MARVIC,MARVIC,$0.00,,$510073.12,-$510073.12,$0.00,,Client,$0.00,$0.00,$0.00,$0.00,$10000.00,$10000.00,$0.00,$0.00,$0.00,To pay,To pay,$0.00,Non active,,$0.00
MASS,MASS,$3309.75,,$150652.17,-$101962.77,-$45379.65,,Client,$0.00,$0.00,$0.00,$0.00,$10000.00,$6690.25,$0.00,$0.00,$3309.75,Debt,Debt,$3309.75,Non active,,$0.00
MEXXON,MEXXON,$9005.80,,$967246.02,-$958240.22,$0.00,,Client,$0.00,$9005.80,$0.00,$0.00,$10000.00,$994.20,$9005.80,$0.00,$9005.80,Debt,Debt,$9005.80,Non active,,$0.00
MG ENERGY,MG ENERGY,-$0.00,,$15960273.35,-$15879116.56,-$81156.79,,Client,$0.00,$0.00,$0.00,$0.00,$10000.00,$10000.00,$0.00,$0.00,-$0.00,To pay,To pay,-$0.00,Non active,,$0.00
MKS,MKS,-$497.70,,$255478.60,-$255976.30,$0.00,,Client,$0.00,$0.00,$0.00,-$497.70,$10000.00,$10497.70,$0.00,$0.00,-$497.70,To pay,To pay,-$497.70,Non active,,$0.00
NAVAL,NAVAL,-$914.82,,$55055.18,-$55970.00,$0.00,,Client,$0.00,$0.00,$0.00,-$914.82,$10000.00,$10914.82,$0.00,$0.00,-$914.82,To pay,To pay,-$914.82,Non active,,$0.00
OLEUMV,OLEUMV,$0.01,,$140064.78,-$140064.77,$0.00,,Client,$0.00,$0.00,$0.00,$0.00,$10000.00,$9999.99,$0.00,$0.00,$0.01,To pay,To pay,$0.01,Non active,,$0.00
OLG,OLG,$246.81,,$3957047.54,-$3956800.73,$0.00,,Client,$0.00,$246.81,$0.00,$0.00,$10000.00,$9753.19,$246.81,$0.00,$246.81,Debt,Debt,$246.81,Non active,,$0.00
OP ENERGY,OP ENERGY,-$66.38,,$332425.93,-$332492.31,$0.00,,Client,$0.00,$0.00,$0.00,-$66.38,$10000.00,$10066.38,$0.00,$0.00,-$66.38,To pay,To pay,-$66.38,Non active,,$0.00
OSCAR ENERGY,OSCAR ENERGY,-$0.01,,$71134.00,$0.00,-$71134.00,,Client,$0.00,$0.00,$0.00,$0.00,$10000.00,$10000.01,$0.00,$0.00,-$0.01,To pay,To pay,-$0.01,Non active,,$0.00
OSEGUERA,OSEGUERA,-$667.67,,$52327.33,-$52995.00,$0.00,,Client,$0.00,$0.00,$0.00,-$667.67,$10000.00,$10667.67,$0.00,$0.00,-$667.67,To pay,To pay,-$667.67,Non active,,$0.00
PEPE ENERGY,PEPE ENERGY,$8289.36,,$99158.36,-$90869.00,$0.00,,Client,$0.00,$8289.36,$0.00,$0.00,$10000.00,$1710.64,$8289.36,$0.00,$8289.36,Debt,Debt,$8289.36,Non active,,$0.00
PETRODIESEL,PETRODIESEL,-$67.80,,$63372.81,-$46465.61,-$16975.00,,Client,$0.00,$0.00,$0.00,-$67.80,$10000.00,$10067.80,$0.00,$0.00,-$67.80,To pay,To pay,-$67.80,Non active,,$0.00
PETROLAND,PETROLAND,-$0.00,,$3802935.84,-$3599582.66,-$203353.18,,Client,$0.00,$0.00,$0.00,$0.00,$10000.00,$10000.00,$0.00,$0.00,-$0.00,To pay,To pay,-$0.00,Non active,,$0.00
PETROLAND (OLD),PETROLAND (OLD),-$0.00,,$1099934.25,-$1099934.25,$0.00,,Client,$0.00,$0.00,$0.00,$0.00,$10000.00,$10000.00,$0.00,$0.00,-$0.00,To pay,To pay,-$0.00,Non active,,$0.00
PG ENERGY,PG ENERGY,$0.00,,$198508.62,-$198508.62,$0.00,,Client,$0.00,$0.00,$0.00,$0.00,$10000.00,$10000.00,$0.00,$0.00,$0.00,To pay,To pay,$0.00,Non active,,$0.00
POLO,POLO,$11718.51,,$2144027.55,-$2132309.04,$0.00,,Client,$0.00,$11718.51,$0.00,$0.00,$10000.00,-$1718.51,$11718.51,$0.00,$11718.51,Debt,Debt,$11718.51,Non active,,$0.00
PROKSOL,PROKSOL,$9.68,,$126269.68,-$126260.00,$0.00,,Client,$0.00,$9.68,$0.00,$0.00,$10000.00,$9990.32,$9.68,$0.00,$9.68,Debt,Debt,$9.68,Non active,,$0.00
QUASAR,QUASAR,$0.00,,$9796091.98,-$9796091.98,$0.00,,Client,$0.00,$0.00,$0.00,$0.00,$10000.00,$10000.00,$0.00,$0.00,$0.00,To pay,To pay,$0.00,Non active,,$0.00
RIDE ON TIME,RIDE ON TIME,$50682.51,,$75609.19,-$24926.68,$0.00,,Client,$0.00,$78.72,$0.00,$0.00,$10000.00,-$40682.51,$78.72,$0.00,$50682.51,Debt,Debt,$50682.51,Non active,,$0.00
RIO GRANDE ENERGY,RIO GRANDE ENERGY,$0.00,,$18709.00,-$18709.00,$0.00,,Client,$0.00,$0.00,$0.00,$0.00,$10000.00,$10000.00,$0.00,$0.00,$0.00,To pay,To pay,$0.00,Non active,,$0.00
RUO,RUO,-$15872.45,,$906843.55,-$922716.00,$0.00,,Client,$0.00,$0.00,$0.00,-$15872.45,$10000.00,$25872.45,$0.00,$0.00,-$15872.45,To pay,To pay,-$15872.45,Non active,,$0.00
SINAMEIN,SINAMEIN,$0.00,,$511277.23,-$511277.23,$0.00,,Client,$0.00,$0.00,$0.00,$0.00,$10000.00,$10000.00,$0.00,$0.00,$0.00,To pay,To pay,$0.00,Non active,,$0.00
SOMOS,SOMOS,-$21.27,,$616714.66,-$616735.93,$0.00,,Client,$0.00,$0.00,$0.00,-$21.22,$10000.00,$10021.27,$0.00,$0.00,-$21.27,To pay,To pay,-$21.27,Non active,,$0.00
STN,STN,$8140.37,,$17993979.25,-$17986158.24,$319.36,,Client,$0.00,$8140.37,$0.00,$0.00,$10000.00,$1859.63,$8140.37,$0.00,$8140.37,Debt,Debt,$8140.37,Non active,,$0.00
SUPRA,SUPRA,$0.01,,$122988.88,-$122988.87,$0.00,,Client,$0.00,$0.00,$0.00,$0.00,$10000.00,$9999.99,$0.00,$0.00,$0.01,To pay,To pay,$0.01,Non active,,$0.00
TARGA,TARGA,$6300.00,,$393675.01,-$387375.01,$0.00,,Client,$0.00,$6300.00,$0.00,$0.00,$10000.00,$3700.00,$6300.00,$0.00,$6300.00,Debt,Debt,$6300.00,Non active,,$0.00
TEXAS INT (OLD),TEXAS INT (OLD),-$821.86,,$80523.14,-$81345.00,$0.00,,Client,$0.00,$0.00,$0.00,-$821.87,$10000.00,$10821.86,$0.00,$0.00,-$821.86,To pay,To pay,-$821.86,Non active,,$0.00
TKC ENVIRO,TKC ENVIRO,-$3981.18,,$980929.97,-$984911.15,$0.00,,Client,$0.00,$0.00,$0.00,-$3981.18,$10000.00,$13981.18,$0.00,$0.00,-$3981.18,To pay,To pay,-$3981.18,Non active,,$0.00
TKC ENVIRON,TKC ENVIRON,$0.00,,$0.00,$0.00,$0.00,,Client,$0.00,$0.00,$0.00,$0.00,$10000.00,$10000.00,$0.00,$0.00,$0.00,To pay,To pay,$0.00,Non active,,$0.00
TNL,TNL,-$3425.99,,$2467980.09,-$2471406.08,$0.00,,Client,$0.00,$0.00,$0.00,-$3425.97,$10000.00,$13425.99,$0.00,$0.00,-$3425.99,To pay,To pay,-$3425.99,Non active,,$0.00
TOP NORTH,TOP NORTH,$237.61,,$8313420.78,-$8313825.17,$642.00,,Client,$0.00,$237.61,$0.00,$0.00,$10000.00,$9762.39,$237.61,$0.00,$237.61,Debt,Debt,$237.61,Non active,,$0.00
TRAZZO,TRAZZO,-$512.12,,$30842.88,-$31355.00,$0.00,,Client,$0.00,$0.00,$0.00,-$512.12,$10000.00,$10512.12,$0.00,$0.00,-$512.12,To pay,To pay,-$512.12,Non active,,$0.00
TRITON,TRITON,$0.01,,$3868051.26,-$3869476.98,$1425.73,,Client,$0.00,$0.00,$0.00,$0.00,$10000.00,$9999.99,$0.00,$0.00,$0.01,To pay,To pay,$0.01,Non active,,$0.00
ZONA SUR,ZONA SUR,-$6400.00,,$19804460.75,-$19912288.75,$101428.00,,Client,$0.00,$0.00,$0.00,-$52621.53,$10000.00,$16400.00,$0.00,$0.00,-$6400.00,To pay,To pay,-$6400.00,Non active,,$0.00
MTY,MTY,-$752.30,,$94602.20,-$95354.50,$0.00,,Client,$0.00,$0.00,$0.00,-$752.30,$10000.00,$10752.30,$0.00,$0.00,-$752.30,To pay,To pay,-$752.30,Non active,,$0.00
ROMULO ENERGY,ROMULO ENERGY,-$0.04,,$337317.19,-$337317.23,$0.00,,Client,$0.00,$0.00,$0.00,$0.00,$10000.00,$10000.04,$0.00,$0.00,-$0.04,To pay,To pay,-$0.04,Non active,,$0.00
IMPERIUM OSUNA,IMPERIUM OSUNA,$19.75,,$644398.66,-$644378.91,$0.00,,Client,$0.00,$0.00,$0.00,$0.00,$10000.00,$9980.25,$0.00,$0.00,$19.75,Debt,Debt,$19.75,Non active,,$0.00
PRETORIAN,PRETORIAN,$0.23,,$14240.23,-$8040.00,-$6200.00,,Client,$0.00,$0.00,$0.00,$0.00,$10000.00,$9999.77,$0.00,$0.00,$0.23,Debt,Debt,$0.23,Non active,,$0.00
MVC,MVC,$0.00,,$0.00,$0.00,$0.00,,Client,$0.00,$0.00,$0.00,$0.00,$10000.00,$10000.00,$0.00,$0.00,$0.00,To pay,To pay,$0.00,Non active,,$0.00
ENERGY MIDSTREAM,ENERGY MIDSTREAM,-$235.20,,$388530.80,-$388766.00,$0.00,,Client,$0.00,$0.00,$0.00,$0.00,$10000.00,$10235.20,$0.00,$0.00,-$235.20,To pay,To pay,-$235.20,Non active,,$0.00
SERVICIO,,$0.00,,$0.00,$0.00,$0.00,,Vendor,$0.00,$0.00,$0.00,$0.00,$10000.00,$10000.00,$0.00,$0.00,$0.00,To pay,To pay,$0.00,Non active,,$0.00
PROVISION TRADING GROUP,PROVISION TRADING GROUP,-$699.23,ORKA_LOGO_enhanced.png (https://v5.airtableusercontent.com/v3/u/53/53/1778220000000/ILqnowrtgrmnx9g2GMc0GQ/YaVO1dzNMTTXco_tx53eNSRL-OxKHWwuLY73wQ87Ojmk4q08FJGWbPsTaEj85EcZc8834rCcFz18i7fO28a8NvwVZnJb-edvOsLgGAFswtQESKyuVOAW6jYQf1Wo1p2duj7PO7m1Rdlb1QB9vVJ4zvR73V5xu3DMB_OboijzbaY/R33hz2mzIrq4cm8us2OSDVpGu9gzmM0oVyuMCnyyLYQ),$3308478.42,-$3309177.65,$0.00,,Client,$0.00,$0.00,$0.00,$0.00,$10000.00,$10699.23,$0.00,$0.00,-$699.23,To pay,To pay,-$699.23,Non active,,$0.00
BASICOS,BASICOS MEXICANOS S.A DE C.V,$0.00,,$0.00,$0.00,$0.00,,Client,$0.00,$0.00,$0.00,$0.00,$10000.00,$10000.00,$0.00,$0.00,$0.00,To pay,To pay,$0.00,Non active,,$0.00
DELGADO ENERGY,DELGADO ENERGY,$250.04,,$650980.84,-$650730.80,$0.00,,Client,$0.00,$0.00,$0.00,$0.00,$10000.00,$9749.96,$0.00,$0.00,$250.04,Debt,Debt,$250.04,Non active,,$0.00
ANI TRANSPORT INC,,$890562.29,yfr4p2QksIIUGyrTdlOEhl6hbgZi5aDWCZYSzd3uAEA.png (https://v5.airtableusercontent.com/v3/u/53/53/1778220000000/giszo8W7pgfooTbz0ZvW6w/F0qH2WAVluO7b3xusRluGHPAPaGHnPTHmtvz_ZUHNS8Be2wfpvRWaKsfDbj1H-nHJwCRpDSCvy2-SowFwyImYOQDvvQOuVc08Rjbgz_YLd_Lc8gcLq2GkGPzR4o-vl3uc8RmAh1zoMo8pBvBKMItFAx85jF2n-1rRsm-KJJ6l1MmSoEPuHPNBHaN7NhmFgfJZAjcWx01aQ4qz3EIN37xJQ/M63OwEvbTqHrARMlqNbA0hX0QnwrVIF6-eGxAeofdx8),$890562.29,$0.00,$0.00,ANI TRANSPORT INC,Vendor,$0.00,$0.00,$0.00,$0.00,,-$890562.29,$0.00,$0.00,$890562.29,Debt,Debt,,Vendor,,$0.00
SOUTH TEXAS FUEL,SOUTH TEXAS FUEL,$3333430.73,STF.jpg (https://v5.airtableusercontent.com/v3/u/53/53/1778220000000/h2tqQJhu3_87g92n7QeuYQ/UEntoeVFtT0M4O53B7PN3YRU5SeX5poPK5_aAuksSrIdEkuymq0QYxBQJVdoG4hUVHpqDQjwPME6tO969rZPQUS6crEcHet6v8jak7QfAB2OFm15FB7oGC0Irwjx_w5sfewuE-sNvyRIkpBjt_EKUg/QYiBQ-0_alepELSLzKB-GYW7D0tGG0J3MH0wdUBqhVI),$3333430.73,$0.00,$0.00,,Freight,$0.00,$0.00,$0.00,$0.00,,-$3333430.73,$0.00,$0.00,$3333430.73,Debt,Debt,,Freight,,$0.00
KEMLO,KEMLO,$330164.45,ORKA_LOGO_enhanced.png (https://v5.airtableusercontent.com/v3/u/53/53/1778220000000/ILqnowrtgrmnx9g2GMc0GQ/YaVO1dzNMTTXco_tx53eNSRL-OxKHWwuLY73wQ87Ojmk4q08FJGWbPsTaEj85EcZc8834rCcFz18i7fO28a8NvwVZnJb-edvOsLgGAFswtQESKyuVOAW6jYQf1Wo1p2duj7PO7m1Rdlb1QB9vVJ4zvR73V5xu3DMB_OboijzbaY/R33hz2mzIrq4cm8us2OSDVpGu9gzmM0oVyuMCnyyLYQ),$330164.45,$0.00,$0.00,,Freight,$0.00,$0.00,$0.00,$0.00,,-$330164.45,$0.00,$0.00,$330164.45,Debt,Debt,,Freight,,$0.00