Name,Payment terms,Days of Credit,Credit Limit,BALANCED,link to seller,Intra ,Total Intra per client,Photo,SOLD TO,SHIP TO,Status,Accounting
PRETROJAF,,,,,,,$0.00,,,,,Unnamed record
IMPERIUM,,,,,,,$0.00,,,,,
NEW MEXXON,,,,,,,$0.00,,,,,
DUMMY CLIENT,,,$10000.00,DUMMY CLIENT,,,$0.00,ORKA_LOGO_enhanced.png (https://v5.airtableusercontent.com/v3/u/53/53/1778220000000/ILqnowrtgrmnx9g2GMc0GQ/YaVO1dzNMTTXco_tx53eNSRL-OxKHWwuLY73wQ87Ojmk4q08FJGWbPsTaEj85EcZc8834rCcFz18i7fO28a8NvwVZnJb-edvOsLgGAFswtQESKyuVOAW6jYQf1Wo1p2duj7PO7m1Rdlb1QB9vVJ4zvR73V5xu3DMB_OboijzbaY/R33hz2mzIrq4cm8us2OSDVpGu9gzmM0oVyuMCnyyLYQ),,,Active,Unnamed record
MOISES ENERGY,,,$10000.00,MOISES ENERGY,,,$0.00,ORKA_LOGO_enhanced.png (https://v5.airtableusercontent.com/v3/u/53/53/1778220000000/ILqnowrtgrmnx9g2GMc0GQ/YaVO1dzNMTTXco_tx53eNSRL-OxKHWwuLY73wQ87Ojmk4q08FJGWbPsTaEj85EcZc8834rCcFz18i7fO28a8NvwVZnJb-edvOsLgGAFswtQESKyuVOAW6jYQf1Wo1p2duj7PO7m1Rdlb1QB9vVJ4zvR73V5xu3DMB_OboijzbaY/R33hz2mzIrq4cm8us2OSDVpGu9gzmM0oVyuMCnyyLYQ),,,Active,Unnamed record
ITEF,,,,ITEF,,,$0.00,rSopuc0C4vJ6Wfd0DJs1nWJV9S4ZGV9GEyOkfRRbO3M.png (https://v5.airtableusercontent.com/v3/u/53/53/1778220000000/HxQsYUuc-LtQ8zH_J4UqjA/z2wi8jk8n9s0DmpVOPZxSuVpMGCx06lk9Ff8PjwUE-9xjVufchIzMLKrYu3gmy8MVswNF-PET0KpdhsG4TL0JsDDfZgbq5iybS6UGvUNnJceiFGUjHQec39MXyULchAboT70CZ7MeWwKfPgUiFxC52lB1aVjVjScTSYXJcLoUsKFSkhsymsRRA-YCLgk3J9RHYUBvGUvGDmoQmflvSAJgw/bwAAXeIyi-kNRlNzwAVdQRnKSyopzPXPR1G6PB_jljc),,,Active,Unnamed record
ALPHA,24 Hrs,,$1500000.00,ALPHA,,,$0.00,Imagen de WhatsApp 2024-10-15 a las 11.29.07_0de710b3.jpg (https://v5.airtableusercontent.com/v3/u/53/53/1778220000000/YV0I1SwITU9rMdjaN9FSQg/7kmdqjvMGMkr2pZdstlCVCX2XQu1L4rF5Tn-VlVNJJpm32K9Y67DxZbm7PZd9misX_Wi0lTXTztWF6TNHnXkMmIRkdAHxQiKqMFPRqICk89jEPw_eBAKfPDDBLmlEWy3Xx-ois2_P8q51AozuIwXw3UyH7xzJr7lGelbgKMTs-kgOprEWRXFAD1QM4UqK5UCTPPVuIQK3uA_xNz-ybXrlw/x0UehLd8m9SRyUiRO271ra9sGCoZgJqozruJ8G7Jlfw),,,Active,Unnamed record
CAMPER,24 Hrs,,$10000.00,CAMPER,,,$0.00,Camper.png (https://v5.airtableusercontent.com/v3/u/53/53/1778220000000/0fsEjEiFZDAoJKjM6twOFg/zkccVoNRBDZtFDLDoIHroen-Ozz9NMwc-JngvX8LH5uquoOtdZ0NoWdzvBllao-uWNK_qT1UFa7fMqyI3O6Q-76fyP3F3WlxPpLWlA0SZo58F7aNA0lhkZiA9tHzwbJvNIsUCfsNhEXcvfprQIDYgrRydVX_Uzta9fgSxwJ8N4Q/gy0uV3NRTVnts584SXyt0COP2lW3sRC6fLniIUvCKwk),,,Active,Unnamed record
CIAY,24 Hrs,,$10000.00,CIAY,,,$0.00,ORKA_LOGO_enhanced.png (https://v5.airtableusercontent.com/v3/u/53/53/1778220000000/ILqnowrtgrmnx9g2GMc0GQ/YaVO1dzNMTTXco_tx53eNSRL-OxKHWwuLY73wQ87Ojmk4q08FJGWbPsTaEj85EcZc8834rCcFz18i7fO28a8NvwVZnJb-edvOsLgGAFswtQESKyuVOAW6jYQf1Wo1p2duj7PO7m1Rdlb1QB9vVJ4zvR73V5xu3DMB_OboijzbaY/R33hz2mzIrq4cm8us2OSDVpGu9gzmM0oVyuMCnyyLYQ),,,Active,Unnamed record
DDP,24 Hrs,,$10000.00,DDP,,,$0.00,ORKA_LOGO_enhanced.png (https://v5.airtableusercontent.com/v3/u/53/53/1778220000000/ILqnowrtgrmnx9g2GMc0GQ/YaVO1dzNMTTXco_tx53eNSRL-OxKHWwuLY73wQ87Ojmk4q08FJGWbPsTaEj85EcZc8834rCcFz18i7fO28a8NvwVZnJb-edvOsLgGAFswtQESKyuVOAW6jYQf1Wo1p2duj7PO7m1Rdlb1QB9vVJ4zvR73V5xu3DMB_OboijzbaY/R33hz2mzIrq4cm8us2OSDVpGu9gzmM0oVyuMCnyyLYQ),,,Active,Unnamed record
ENERGAX,24 Hrs,,$10000.00,ENERGAX,,,$0.00,image (22).png (https://v5.airtableusercontent.com/v3/u/53/53/1778220000000/liId-F7pEgBqlaL-86iZZw/KcwXQi_2ArvmC0YiUWCZ2C1-Q-QvYaL2zf2PmEvXqXrNbx5pSAUr-haKz0U_LFeKO1LnDyANurTPijIj6YB5o6V4-ZyvtkuW2J8cUjtolQsEhtH2CDZ3c7CGcjK_OCHSl5tZdYWsdatrdJ2F3f5j5K7WcY9B6kDoxaVlUeOC0Qk/aByVZ0KcWPoI1Cett9V505CK4W6V4IXJIEjGD8-0zcs),,,Active,Unnamed record
GANDARA,24 Hrs,,$10000.00,GANDARA,,,$0.00,ORKA_LOGO_enhanced.png (https://v5.airtableusercontent.com/v3/u/53/53/1778220000000/ILqnowrtgrmnx9g2GMc0GQ/YaVO1dzNMTTXco_tx53eNSRL-OxKHWwuLY73wQ87Ojmk4q08FJGWbPsTaEj85EcZc8834rCcFz18i7fO28a8NvwVZnJb-edvOsLgGAFswtQESKyuVOAW6jYQf1Wo1p2duj7PO7m1Rdlb1QB9vVJ4zvR73V5xu3DMB_OboijzbaY/R33hz2mzIrq4cm8us2OSDVpGu9gzmM0oVyuMCnyyLYQ),,,Active,Unnamed record
PETROJAF,24 Hrs,,$10000.00,PETROJAF,,,$0.00,Petrojaf.png (https://v5.airtableusercontent.com/v3/u/53/53/1778220000000/dtb8dbYmXOTXzBrMzN0E3Q/wVyMSVf42ppPad5MyT2UIi9tdyhP3CyFd6_0Uh5goTb_6jpVCxUZHodDen5zG218K9PbqurE405jdvjpzinVAvb01cbbfNfg2Ni11TNKyOgumrLz94EuILddN523Aw6c6FH52HxbMBsMLLB3kgXUKZVWI3jpqUZftD-vlKZHOIo/yBEJuYsIv7n6gYWMVRi9U5rIBRHDH3YTKJGXZ46Az9g),,,Active,Unnamed record
PETROQUIRSAN,24 Hrs,,$10000.00,PETROQUIRSAN,,,$0.00,Petroquirsan.png (https://v5.airtableusercontent.com/v3/u/53/53/1778220000000/IA8rQjv5OVRhr4lDg0adpw/3l-MkcYzkZEwte6QSErYrZgiBeAOQY1XKHa0LptZXndmdsVRy02Scu98gZWbJkjwOuU46bf1mW299uhhh2YuC5TkUIEM_iGVff7orlEw6sVVMWmKtTo8_ZIiX2_rE4lXhjeYOUngR8eTIOQmfk3qQqez5pmJkZp54DT3ps8_3mU/30LG-Hl2f0qXqr7By7vs_yHx31AReTW9NK2vGZXuY9M),,,Active,Unnamed record
RM LIBEMIVAL,24 Hrs,,$10000.00,RM LIBEMIVAL,,,$0.00,ORKA_LOGO_enhanced.png (https://v5.airtableusercontent.com/v3/u/53/53/1778220000000/ILqnowrtgrmnx9g2GMc0GQ/YaVO1dzNMTTXco_tx53eNSRL-OxKHWwuLY73wQ87Ojmk4q08FJGWbPsTaEj85EcZc8834rCcFz18i7fO28a8NvwVZnJb-edvOsLgGAFswtQESKyuVOAW6jYQf1Wo1p2duj7PO7m1Rdlb1QB9vVJ4zvR73V5xu3DMB_OboijzbaY/R33hz2mzIrq4cm8us2OSDVpGu9gzmM0oVyuMCnyyLYQ),,,Active,Unnamed record
TEXAS INT,24 Hrs,,$10000.00,TEXAS INT,,,$0.00,TIF.png (https://v5.airtableusercontent.com/v3/u/53/53/1778220000000/j2GNE8je-xcsQImgiKy4RQ/oZkqXIfituQa6X4fZHgGMlMjEYUYvPNsSG7iG5Emxdcekflt6NJQVNIatVlfaTGxnoZOCCLhR50928DNzaBDOR88hzIKN917TEyWEc3YzMLHbUpxSNIua-NNr1FLXTdeDmwHj8JhHE7jfH3kkYpOzQ/tElSvv2E1M5VElMqf9A-lNZLvL4EGH9aTKbdm_JY8pU),,,Active,Unnamed record
J&A ENERGY,24 Hrs,,$10000.00,J&A ENERGY,,,$0.00,J&A ENERGY.png (https://v5.airtableusercontent.com/v3/u/53/53/1778220000000/9odPnQapu0OIGv20PzSwTg/5dX21qjtCZkpSvWXOCT036wTg5x-JzvM6e0Q2n1z-iBQFoyA6JOTXMyDxPFOii9GNNGgmDOUx-RpklUV0MS0q9F7DcqsjtiUMyt8rR2LfcAqhUv2zrVAA4dvt8TwPu2l7gd8qUrKRzH_PQnL-k8Fy5_MqfyocpQalQptiT7HYS4/44x3Rdlv4m2LsgRIxmE7Ye_O3dsbrCFlcwYMetjZ8VE),,,Active,Unnamed record
JG,24 Hrs,,$10000.00,JG,,,$0.00,ORKA_LOGO_enhanced.png (https://v5.airtableusercontent.com/v3/u/53/53/1778220000000/ILqnowrtgrmnx9g2GMc0GQ/YaVO1dzNMTTXco_tx53eNSRL-OxKHWwuLY73wQ87Ojmk4q08FJGWbPsTaEj85EcZc8834rCcFz18i7fO28a8NvwVZnJb-edvOsLgGAFswtQESKyuVOAW6jYQf1Wo1p2duj7PO7m1Rdlb1QB9vVJ4zvR73V5xu3DMB_OboijzbaY/R33hz2mzIrq4cm8us2OSDVpGu9gzmM0oVyuMCnyyLYQ),"""BASICOS MEXICANOS RENACER 
HIDALGO 1122
88500 REYNOSA,TAMAULIPAS""",MEXICO,Active,Unnamed record
PETROJAF NAPHTHA,24 Hrs,,$0.00,PETROJAF NAPHTHA,,,$0.00,Petrojaf (1).png (https://v5.airtableusercontent.com/v3/u/53/53/1778220000000/356wxodml2ePi23CYYyGHQ/7hx9s9PW_0adKRTTmjHHjwcPQxSwNjibzCJ5A-YezMbVt_1S76opU9RAETbDKq9xFm7TpAiYIdqOfTaYUBhHJlZpwClX3cR5iGxxYy36tnhEBw0yiHtjG2SmL9P__EkNcjQ77Cghv9SKLH-vR8istk-PRGr1tU5pz4vxxcIB2kY/wYgR0pljy8fzlG78-2kGa30OBuZ1oQWUCkqvVw99RVQ),,,Active,Unnamed record
NEW MEXXON ,24 Hrs,,$750000.00,NEW MEXXON ,,,$0.00,ORKA_LOGO_enhanced.png (https://v5.airtableusercontent.com/v3/u/53/53/1778220000000/ILqnowrtgrmnx9g2GMc0GQ/YaVO1dzNMTTXco_tx53eNSRL-OxKHWwuLY73wQ87Ojmk4q08FJGWbPsTaEj85EcZc8834rCcFz18i7fO28a8NvwVZnJb-edvOsLgGAFswtQESKyuVOAW6jYQf1Wo1p2duj7PO7m1Rdlb1QB9vVJ4zvR73V5xu3DMB_OboijzbaY/R33hz2mzIrq4cm8us2OSDVpGu9gzmM0oVyuMCnyyLYQ),,,Active,Unnamed record
CAMPER CARROTANQUES,24 Hrs,,$10000.00,CAMPER CARROTANQUES,,,$0.00,Camper (1).png (https://v5.airtableusercontent.com/v3/u/53/53/1778220000000/psB9z-N9XCFxsgERlIFFbA/BYs-m-LQmB7nDxs2pmW3ps0czSii0qu1qiIqxE_Tg-eYkPcy5VmYDOsxo7lbiqv0UcCHSzy0yIMjHXW1kNiWRbL5kCG0e8b6EthoW4YRR54hrR8kuCn9PNdPhxEwGny-zffzeGTYwyjCnLHWmZ6HtrNrsaV0Zf1HVRLOsu3BYQo/arT-WcqQVDuki8U2pQnwt-Sjef2keJkHJfRik2W0YUQ),,,Active,Unnamed record
REGINA ENERGY,24 Hrs,,$10000.00,REGINA ENERGY,,,$0.00,ORKA_LOGO_enhanced.png (https://v5.airtableusercontent.com/v3/u/53/53/1778220000000/ILqnowrtgrmnx9g2GMc0GQ/YaVO1dzNMTTXco_tx53eNSRL-OxKHWwuLY73wQ87Ojmk4q08FJGWbPsTaEj85EcZc8834rCcFz18i7fO28a8NvwVZnJb-edvOsLgGAFswtQESKyuVOAW6jYQf1Wo1p2duj7PO7m1Rdlb1QB9vVJ4zvR73V5xu3DMB_OboijzbaY/R33hz2mzIrq4cm8us2OSDVpGu9gzmM0oVyuMCnyyLYQ),,,Active,Unnamed record
CAMPER EAGLE,24 Hrs,,$250000.00,CAMPER EAGLE,,,$0.00,Camper Eagle.png (https://v5.airtableusercontent.com/v3/u/53/53/1778220000000/I4JyAKKOOk8LDmldBqJ2jw/v-QdPRyqtqTOlmT6EF8SSKUW6WbbfIOIevrJElAsaAWzQTmV7HnD6YIk_9SqUhjawn_jv3IAp44ALgqTb86fhbEviYaFaOAoiN5iW6cCeN-6-6wxN9zrTaA42ZyPEsgNGyuNrQC57sWbZsM4g_SA80kMLcXQfjgs55awnUkkVmw/cosOIbvvZPb9n5orYpaHR0TXt8FB2bvLEGUTzqibFO8),,,Active,Unnamed record
FEPE,24 Hrs,,$10000.00,FEPE,,,$0.00,ORKA_LOGO_enhanced.png (https://v5.airtableusercontent.com/v3/u/53/53/1778220000000/ILqnowrtgrmnx9g2GMc0GQ/YaVO1dzNMTTXco_tx53eNSRL-OxKHWwuLY73wQ87Ojmk4q08FJGWbPsTaEj85EcZc8834rCcFz18i7fO28a8NvwVZnJb-edvOsLgGAFswtQESKyuVOAW6jYQf1Wo1p2duj7PO7m1Rdlb1QB9vVJ4zvR73V5xu3DMB_OboijzbaY/R33hz2mzIrq4cm8us2OSDVpGu9gzmM0oVyuMCnyyLYQ),,,Active,Unnamed record
VALLEY FUELS,24 Hrs,,$10000.00,VALLEY FUELS,,,$0.00,ORKA_LOGO_enhanced.png (https://v5.airtableusercontent.com/v3/u/53/53/1778220000000/ILqnowrtgrmnx9g2GMc0GQ/YaVO1dzNMTTXco_tx53eNSRL-OxKHWwuLY73wQ87Ojmk4q08FJGWbPsTaEj85EcZc8834rCcFz18i7fO28a8NvwVZnJb-edvOsLgGAFswtQESKyuVOAW6jYQf1Wo1p2duj7PO7m1Rdlb1QB9vVJ4zvR73V5xu3DMB_OboijzbaY/R33hz2mzIrq4cm8us2OSDVpGu9gzmM0oVyuMCnyyLYQ),,,Active,Unnamed record
CARROTANQUES ETHANOL PLUS,24 Hrs,,$10000.00,CARROTANQUES ETHANOL PLUS,,,$0.00,ORKA_LOGO_enhanced.png (https://v5.airtableusercontent.com/v3/u/53/53/1778220000000/ILqnowrtgrmnx9g2GMc0GQ/YaVO1dzNMTTXco_tx53eNSRL-OxKHWwuLY73wQ87Ojmk4q08FJGWbPsTaEj85EcZc8834rCcFz18i7fO28a8NvwVZnJb-edvOsLgGAFswtQESKyuVOAW6jYQf1Wo1p2duj7PO7m1Rdlb1QB9vVJ4zvR73V5xu3DMB_OboijzbaY/R33hz2mzIrq4cm8us2OSDVpGu9gzmM0oVyuMCnyyLYQ),,,Active,Unnamed record
CRISMON,24 Hrs,,$10000.00,CRISMON,,,$0.00,ORKA_LOGO_enhanced.png (https://v5.airtableusercontent.com/v3/u/53/53/1778220000000/ILqnowrtgrmnx9g2GMc0GQ/YaVO1dzNMTTXco_tx53eNSRL-OxKHWwuLY73wQ87Ojmk4q08FJGWbPsTaEj85EcZc8834rCcFz18i7fO28a8NvwVZnJb-edvOsLgGAFswtQESKyuVOAW6jYQf1Wo1p2duj7PO7m1Rdlb1QB9vVJ4zvR73V5xu3DMB_OboijzbaY/R33hz2mzIrq4cm8us2OSDVpGu9gzmM0oVyuMCnyyLYQ),,,Active,Unnamed record
DDP CARROTANQUES,24 Hrs,,$10000.00,DDP CARROTANQUES,,,$0.00,ORKA_LOGO_enhanced.png (https://v5.airtableusercontent.com/v3/u/53/53/1778220000000/ILqnowrtgrmnx9g2GMc0GQ/YaVO1dzNMTTXco_tx53eNSRL-OxKHWwuLY73wQ87Ojmk4q08FJGWbPsTaEj85EcZc8834rCcFz18i7fO28a8NvwVZnJb-edvOsLgGAFswtQESKyuVOAW6jYQf1Wo1p2duj7PO7m1Rdlb1QB9vVJ4zvR73V5xu3DMB_OboijzbaY/R33hz2mzIrq4cm8us2OSDVpGu9gzmM0oVyuMCnyyLYQ),,,Active,Unnamed record
ALPHA BLUEWING,24 Hrs,,$50000.00,ALPHA BLUEWING,,,$0.00,Logos Orka (3).png (https://v5.airtableusercontent.com/v3/u/53/53/1778220000000/zPOAVx58m3BbrxndAgTy4Q/uZbQOh7n4mRPzebRhmNoJJ-dFV0CbUNFUA-sbGxjm91Sg8IlQTvi3hXna4m1bMihdQDUO2W7Q1AZnJFOGnvu9IBceaUqfwZEzkwgplB1gxP0vqo8TbxLHutCN8bbwD3gDvDcBnPmHBTMEQnCJvTge3Pkc5ngTz0slT_s6wbOo9k/i_Dw9BNP_7YQsryMv0xtMbYBglXlIFR87KTXbLaUhM4),,,Active,Unnamed record
CONTRERAS,24 Hrs,,$10000.00,CONTRERAS,,,$0.00,ORKA_LOGO_enhanced.png (https://v5.airtableusercontent.com/v3/u/53/53/1778220000000/ILqnowrtgrmnx9g2GMc0GQ/YaVO1dzNMTTXco_tx53eNSRL-OxKHWwuLY73wQ87Ojmk4q08FJGWbPsTaEj85EcZc8834rCcFz18i7fO28a8NvwVZnJb-edvOsLgGAFswtQESKyuVOAW6jYQf1Wo1p2duj7PO7m1Rdlb1QB9vVJ4zvR73V5xu3DMB_OboijzbaY/R33hz2mzIrq4cm8us2OSDVpGu9gzmM0oVyuMCnyyLYQ),,,Active,Unnamed record
RM - Materias Primas,24 Hrs,,$500000.00,RM - Materias Primas,,,$0.00,rSopuc0C4vJ6Wfd0DJs1nWJV9S4ZGV9GEyOkfRRbO3M.png (https://v5.airtableusercontent.com/v3/u/53/53/1778220000000/cRZumShpF_OhhQIHK6x-Tw/UYO91N3Sg_WrXK51ep6Pa3FDlM7bRJfldqRTOHT3tT1sXKUUdY8l5wu13zI8kq5r1BMF4m8HvmJGDP-gLEnedY22bbQRO1dJS6SqDhzhNWI0gZUogZW-5U2WYV2pU0eKcxisVDwvJwwUfd_Xf3Z2Hm8oq4KZqejhjGy40J38WZcPjGienFhFjAu2XA_p07L2rfK-rPEGF0H8U7i8hvwgRA/30OKzK_Cbv_T5n70WaYBMO48uHd9TlhJb9oFsWxqDbo),,,Active,Unnamed record
RM - JB FUELS,24 Hrs,,$500000.00,RM - JB FUELS,,,$0.00,rSopuc0C4vJ6Wfd0DJs1nWJV9S4ZGV9GEyOkfRRbO3M.png (https://v5.airtableusercontent.com/v3/u/53/53/1778220000000/HxQsYUuc-LtQ8zH_J4UqjA/z2wi8jk8n9s0DmpVOPZxSuVpMGCx06lk9Ff8PjwUE-9xjVufchIzMLKrYu3gmy8MVswNF-PET0KpdhsG4TL0JsDDfZgbq5iybS6UGvUNnJceiFGUjHQec39MXyULchAboT70CZ7MeWwKfPgUiFxC52lB1aVjVjScTSYXJcLoUsKFSkhsymsRRA-YCLgk3J9RHYUBvGUvGDmoQmflvSAJgw/bwAAXeIyi-kNRlNzwAVdQRnKSyopzPXPR1G6PB_jljc),,,Active,Unnamed record
CAMPER - TITAN,24 Hrs,,$10000.00,CAMPER - TITAN,,,$0.00,rSopuc0C4vJ6Wfd0DJs1nWJV9S4ZGV9GEyOkfRRbO3M.png (https://v5.airtableusercontent.com/v3/u/53/53/1778220000000/HxQsYUuc-LtQ8zH_J4UqjA/z2wi8jk8n9s0DmpVOPZxSuVpMGCx06lk9Ff8PjwUE-9xjVufchIzMLKrYu3gmy8MVswNF-PET0KpdhsG4TL0JsDDfZgbq5iybS6UGvUNnJceiFGUjHQec39MXyULchAboT70CZ7MeWwKfPgUiFxC52lB1aVjVjScTSYXJcLoUsKFSkhsymsRRA-YCLgk3J9RHYUBvGUvGDmoQmflvSAJgw/bwAAXeIyi-kNRlNzwAVdQRnKSyopzPXPR1G6PB_jljc),,,Active,Unnamed record
GLD TRANSPORTES,24 Hrs,,$10000.00,GLD TRANSPORTES,,,$0.00,rSopuc0C4vJ6Wfd0DJs1nWJV9S4ZGV9GEyOkfRRbO3M.png (https://v5.airtableusercontent.com/v3/u/53/53/1778220000000/HxQsYUuc-LtQ8zH_J4UqjA/z2wi8jk8n9s0DmpVOPZxSuVpMGCx06lk9Ff8PjwUE-9xjVufchIzMLKrYu3gmy8MVswNF-PET0KpdhsG4TL0JsDDfZgbq5iybS6UGvUNnJceiFGUjHQec39MXyULchAboT70CZ7MeWwKfPgUiFxC52lB1aVjVjScTSYXJcLoUsKFSkhsymsRRA-YCLgk3J9RHYUBvGUvGDmoQmflvSAJgw/bwAAXeIyi-kNRlNzwAVdQRnKSyopzPXPR1G6PB_jljc),,,Active,Unnamed record
TIF RAILCARS,24 Hrs,,,TIF RAILCARS,,,$0.00,TIF RAILCARS.png (https://v5.airtableusercontent.com/v3/u/53/53/1778220000000/Z8OhkgpqjQZV1b9Nf1RsYQ/xXr_f8ktec2031EQuqwn7CeGx59n1ZP7E_ZJ0CRhpuo5AJlkAenSuG_K7SVUNkFKJD7a2190HvB1SQ9-Wp5KxQqIhngV9_hPkiYYzJzi-JtNJuRuOUB3tDQ70JlagsjjiTpz5xNAoBZhsCN56e4HGKOlkt3kFwZvmlLTLjC6-9M/sdK2tUzZOSj2LTPc_YpVpVpKCSQQsOIRCclVThRRn04),,,Active,Unnamed record
CAMPER - HARLINGEN,Credit,,,CAMPER - HARLINGEN,,,$0.00,Camper (2).png (https://v5.airtableusercontent.com/v3/u/53/53/1778220000000/R1HrENjovkqRzIZdLdEJbw/iOiepf5ZlYPczzrbwc01jyP2PNHpkS0U8u_7gEtYDQhFbx8uRtL3om9JZy7XeRbvQTmHUbf6NfY7oLfVWgqknfLsqgb8Byf6HvuZVThEXB6NwcsaRkVIM7RLnEeRJ5NyhZonNvGC_rJudDjHn6LTzmgILxgTkW1hWqDrD36IgW0/FxSNwTAfF2rd9W-xk6L49JSWpt43u-Vekjb-xq4pVVA),,,Active,Unnamed record
PRESTAMO ORKA´S,Credit,,,,,,$0.00,rSopuc0C4vJ6Wfd0DJs1nWJV9S4ZGV9GEyOkfRRbO3M.png (https://v5.airtableusercontent.com/v3/u/53/53/1778220000000/HxQsYUuc-LtQ8zH_J4UqjA/z2wi8jk8n9s0DmpVOPZxSuVpMGCx06lk9Ff8PjwUE-9xjVufchIzMLKrYu3gmy8MVswNF-PET0KpdhsG4TL0JsDDfZgbq5iybS6UGvUNnJceiFGUjHQec39MXyULchAboT70CZ7MeWwKfPgUiFxC52lB1aVjVjScTSYXJcLoUsKFSkhsymsRRA-YCLgk3J9RHYUBvGUvGDmoQmflvSAJgw/bwAAXeIyi-kNRlNzwAVdQRnKSyopzPXPR1G6PB_jljc),,,Active,
ENERGAX SUPPLIER,Credit,,,,,,$0.00,rSopuc0C4vJ6Wfd0DJs1nWJV9S4ZGV9GEyOkfRRbO3M.png (https://v5.airtableusercontent.com/v3/u/53/53/1778220000000/HxQsYUuc-LtQ8zH_J4UqjA/z2wi8jk8n9s0DmpVOPZxSuVpMGCx06lk9Ff8PjwUE-9xjVufchIzMLKrYu3gmy8MVswNF-PET0KpdhsG4TL0JsDDfZgbq5iybS6UGvUNnJceiFGUjHQec39MXyULchAboT70CZ7MeWwKfPgUiFxC52lB1aVjVjScTSYXJcLoUsKFSkhsymsRRA-YCLgk3J9RHYUBvGUvGDmoQmflvSAJgw/bwAAXeIyi-kNRlNzwAVdQRnKSyopzPXPR1G6PB_jljc),,,Active,
GREYROCK CLIENT,Credit,,,GREYROCK CLIENT,,,$0.00,rSopuc0C4vJ6Wfd0DJs1nWJV9S4ZGV9GEyOkfRRbO3M.png (https://v5.airtableusercontent.com/v3/u/53/53/1778220000000/HxQsYUuc-LtQ8zH_J4UqjA/z2wi8jk8n9s0DmpVOPZxSuVpMGCx06lk9Ff8PjwUE-9xjVufchIzMLKrYu3gmy8MVswNF-PET0KpdhsG4TL0JsDDfZgbq5iybS6UGvUNnJceiFGUjHQec39MXyULchAboT70CZ7MeWwKfPgUiFxC52lB1aVjVjScTSYXJcLoUsKFSkhsymsRRA-YCLgk3J9RHYUBvGUvGDmoQmflvSAJgw/bwAAXeIyi-kNRlNzwAVdQRnKSyopzPXPR1G6PB_jljc),,,Active,
ALPHA ULSD,Credit,,,ALPHA ULSD,,,$0.00,rSopuc0C4vJ6Wfd0DJs1nWJV9S4ZGV9GEyOkfRRbO3M.png (https://v5.airtableusercontent.com/v3/u/53/53/1778220000000/HxQsYUuc-LtQ8zH_J4UqjA/z2wi8jk8n9s0DmpVOPZxSuVpMGCx06lk9Ff8PjwUE-9xjVufchIzMLKrYu3gmy8MVswNF-PET0KpdhsG4TL0JsDDfZgbq5iybS6UGvUNnJceiFGUjHQec39MXyULchAboT70CZ7MeWwKfPgUiFxC52lB1aVjVjScTSYXJcLoUsKFSkhsymsRRA-YCLgk3J9RHYUBvGUvGDmoQmflvSAJgw/bwAAXeIyi-kNRlNzwAVdQRnKSyopzPXPR1G6PB_jljc),,,Active,
Puente,Credit,,,Puente,,,$0.00,image.png (https://v5.airtableusercontent.com/v3/u/53/53/1778220000000/9DNbwrOK8kL6cFmkUabs8g/dScZ41kqX17Yht4L_Pdr3hzarSkQSGX4lhY8DIqoSwdtuMzqVj0g48LoorI-guv6TV4Rm0YltQNuXZUkn6J3nrFTr7LyGOqQe5JW3dXd1P_V6xfUoOqT7VlB_0XSC0R2RsShH4ygtBXWDsGDLmhXWA/5c1-DKgTnjHbcWzzlFl87PYGv5sv9WgrLkvHOFXE058),,,Active,
ENGIOIL LOGISTICS,Credit,,,ENGIOIL LOGISTICS,,,$0.00,rSopuc0C4vJ6Wfd0DJs1nWJV9S4ZGV9GEyOkfRRbO3M.png (https://v5.airtableusercontent.com/v3/u/53/53/1778220000000/HxQsYUuc-LtQ8zH_J4UqjA/z2wi8jk8n9s0DmpVOPZxSuVpMGCx06lk9Ff8PjwUE-9xjVufchIzMLKrYu3gmy8MVswNF-PET0KpdhsG4TL0JsDDfZgbq5iybS6UGvUNnJceiFGUjHQec39MXyULchAboT70CZ7MeWwKfPgUiFxC52lB1aVjVjScTSYXJcLoUsKFSkhsymsRRA-YCLgk3J9RHYUBvGUvGDmoQmflvSAJgw/bwAAXeIyi-kNRlNzwAVdQRnKSyopzPXPR1G6PB_jljc),,,Active,
ALPHA II,PRE PAY,,,ALPHA II,,,$0.00,rSopuc0C4vJ6Wfd0DJs1nWJV9S4ZGV9GEyOkfRRbO3M.png (https://v5.airtableusercontent.com/v3/u/53/53/1778220000000/HxQsYUuc-LtQ8zH_J4UqjA/z2wi8jk8n9s0DmpVOPZxSuVpMGCx06lk9Ff8PjwUE-9xjVufchIzMLKrYu3gmy8MVswNF-PET0KpdhsG4TL0JsDDfZgbq5iybS6UGvUNnJceiFGUjHQec39MXyULchAboT70CZ7MeWwKfPgUiFxC52lB1aVjVjScTSYXJcLoUsKFSkhsymsRRA-YCLgk3J9RHYUBvGUvGDmoQmflvSAJgw/bwAAXeIyi-kNRlNzwAVdQRnKSyopzPXPR1G6PB_jljc),,,Active,
ORKA,,,$10000.00,,,,$0.00,ORKA_LOGO_enhanced.png (https://v5.airtableusercontent.com/v3/u/53/53/1778220000000/ILqnowrtgrmnx9g2GMc0GQ/YaVO1dzNMTTXco_tx53eNSRL-OxKHWwuLY73wQ87Ojmk4q08FJGWbPsTaEj85EcZc8834rCcFz18i7fO28a8NvwVZnJb-edvOsLgGAFswtQESKyuVOAW6jYQf1Wo1p2duj7PO7m1Rdlb1QB9vVJ4zvR73V5xu3DMB_OboijzbaY/R33hz2mzIrq4cm8us2OSDVpGu9gzmM0oVyuMCnyyLYQ),,,Non active,Unnamed record
PRETORIAN,,,$10000.00,PRETORIAN,,,$0.00,ORKA_LOGO_enhanced.png (https://v5.airtableusercontent.com/v3/u/53/53/1778220000000/ILqnowrtgrmnx9g2GMc0GQ/YaVO1dzNMTTXco_tx53eNSRL-OxKHWwuLY73wQ87Ojmk4q08FJGWbPsTaEj85EcZc8834rCcFz18i7fO28a8NvwVZnJb-edvOsLgGAFswtQESKyuVOAW6jYQf1Wo1p2duj7PO7m1Rdlb1QB9vVJ4zvR73V5xu3DMB_OboijzbaY/R33hz2mzIrq4cm8us2OSDVpGu9gzmM0oVyuMCnyyLYQ),,,Non active,Unnamed record
MVC,,,$10000.00,MVC,,,$0.00,ORKA_LOGO_enhanced.png (https://v5.airtableusercontent.com/v3/u/53/53/1778220000000/ILqnowrtgrmnx9g2GMc0GQ/YaVO1dzNMTTXco_tx53eNSRL-OxKHWwuLY73wQ87Ojmk4q08FJGWbPsTaEj85EcZc8834rCcFz18i7fO28a8NvwVZnJb-edvOsLgGAFswtQESKyuVOAW6jYQf1Wo1p2duj7PO7m1Rdlb1QB9vVJ4zvR73V5xu3DMB_OboijzbaY/R33hz2mzIrq4cm8us2OSDVpGu9gzmM0oVyuMCnyyLYQ),,,Non active,Unnamed record
ENERGY MIDSTREAM,,,$10000.00,ENERGY MIDSTREAM,,,$0.00,ORKA_LOGO_enhanced.png (https://v5.airtableusercontent.com/v3/u/53/53/1778220000000/ILqnowrtgrmnx9g2GMc0GQ/YaVO1dzNMTTXco_tx53eNSRL-OxKHWwuLY73wQ87Ojmk4q08FJGWbPsTaEj85EcZc8834rCcFz18i7fO28a8NvwVZnJb-edvOsLgGAFswtQESKyuVOAW6jYQf1Wo1p2duj7PO7m1Rdlb1QB9vVJ4zvR73V5xu3DMB_OboijzbaY/R33hz2mzIrq4cm8us2OSDVpGu9gzmM0oVyuMCnyyLYQ),,,Non active,Unnamed record
SERVICIO,,,$10000.00,SERVICIO,,,$0.00,ORKA_LOGO_enhanced.png (https://v5.airtableusercontent.com/v3/u/53/53/1778220000000/ILqnowrtgrmnx9g2GMc0GQ/YaVO1dzNMTTXco_tx53eNSRL-OxKHWwuLY73wQ87Ojmk4q08FJGWbPsTaEj85EcZc8834rCcFz18i7fO28a8NvwVZnJb-edvOsLgGAFswtQESKyuVOAW6jYQf1Wo1p2duj7PO7m1Rdlb1QB9vVJ4zvR73V5xu3DMB_OboijzbaY/R33hz2mzIrq4cm8us2OSDVpGu9gzmM0oVyuMCnyyLYQ),,,Non active,Unnamed record
PROVISION TRADING GROUP,,,$10000.00,PROVISION TRADING GROUP,,,$0.00,ORKA_LOGO_enhanced.png (https://v5.airtableusercontent.com/v3/u/53/53/1778220000000/ILqnowrtgrmnx9g2GMc0GQ/YaVO1dzNMTTXco_tx53eNSRL-OxKHWwuLY73wQ87Ojmk4q08FJGWbPsTaEj85EcZc8834rCcFz18i7fO28a8NvwVZnJb-edvOsLgGAFswtQESKyuVOAW6jYQf1Wo1p2duj7PO7m1Rdlb1QB9vVJ4zvR73V5xu3DMB_OboijzbaY/R33hz2mzIrq4cm8us2OSDVpGu9gzmM0oVyuMCnyyLYQ),,,Non active,Unnamed record
BASICOS,,,$10000.00,BASICOS,,,$0.00,ORKA_LOGO_enhanced.png (https://v5.airtableusercontent.com/v3/u/53/53/1778220000000/ILqnowrtgrmnx9g2GMc0GQ/YaVO1dzNMTTXco_tx53eNSRL-OxKHWwuLY73wQ87Ojmk4q08FJGWbPsTaEj85EcZc8834rCcFz18i7fO28a8NvwVZnJb-edvOsLgGAFswtQESKyuVOAW6jYQf1Wo1p2duj7PO7m1Rdlb1QB9vVJ4zvR73V5xu3DMB_OboijzbaY/R33hz2mzIrq4cm8us2OSDVpGu9gzmM0oVyuMCnyyLYQ),,,Non active,Unnamed record
AMCA,24 Hrs,,$10000.00,AMCA,,,$0.00,ORKA_LOGO_enhanced.png (https://v5.airtableusercontent.com/v3/u/53/53/1778220000000/ILqnowrtgrmnx9g2GMc0GQ/YaVO1dzNMTTXco_tx53eNSRL-OxKHWwuLY73wQ87Ojmk4q08FJGWbPsTaEj85EcZc8834rCcFz18i7fO28a8NvwVZnJb-edvOsLgGAFswtQESKyuVOAW6jYQf1Wo1p2duj7PO7m1Rdlb1QB9vVJ4zvR73V5xu3DMB_OboijzbaY/R33hz2mzIrq4cm8us2OSDVpGu9gzmM0oVyuMCnyyLYQ),,,Non active,Unnamed record
ATF TRANSPORTES,24 Hrs,,$10000.00,ATF TRANSPORTES,,,$0.00,ORKA_LOGO_enhanced.png (https://v5.airtableusercontent.com/v3/u/53/53/1778220000000/ILqnowrtgrmnx9g2GMc0GQ/YaVO1dzNMTTXco_tx53eNSRL-OxKHWwuLY73wQ87Ojmk4q08FJGWbPsTaEj85EcZc8834rCcFz18i7fO28a8NvwVZnJb-edvOsLgGAFswtQESKyuVOAW6jYQf1Wo1p2duj7PO7m1Rdlb1QB9vVJ4zvR73V5xu3DMB_OboijzbaY/R33hz2mzIrq4cm8us2OSDVpGu9gzmM0oVyuMCnyyLYQ),,,Non active,Unnamed record
AXL,24 Hrs,,$10000.00,AXL,,,$0.00,ORKA_LOGO_enhanced.png (https://v5.airtableusercontent.com/v3/u/53/53/1778220000000/ILqnowrtgrmnx9g2GMc0GQ/YaVO1dzNMTTXco_tx53eNSRL-OxKHWwuLY73wQ87Ojmk4q08FJGWbPsTaEj85EcZc8834rCcFz18i7fO28a8NvwVZnJb-edvOsLgGAFswtQESKyuVOAW6jYQf1Wo1p2duj7PO7m1Rdlb1QB9vVJ4zvR73V5xu3DMB_OboijzbaY/R33hz2mzIrq4cm8us2OSDVpGu9gzmM0oVyuMCnyyLYQ),,,Non active,Unnamed record
BARTIM,24 Hrs,,$10000.00,BARTIM,,,$0.00,ORKA_LOGO_enhanced.png (https://v5.airtableusercontent.com/v3/u/53/53/1778220000000/ILqnowrtgrmnx9g2GMc0GQ/YaVO1dzNMTTXco_tx53eNSRL-OxKHWwuLY73wQ87Ojmk4q08FJGWbPsTaEj85EcZc8834rCcFz18i7fO28a8NvwVZnJb-edvOsLgGAFswtQESKyuVOAW6jYQf1Wo1p2duj7PO7m1Rdlb1QB9vVJ4zvR73V5xu3DMB_OboijzbaY/R33hz2mzIrq4cm8us2OSDVpGu9gzmM0oVyuMCnyyLYQ),,,Non active,Unnamed record
BG OIL,24 Hrs,,$10000.00,BG OIL,,,$0.00,ORKA_LOGO_enhanced.png (https://v5.airtableusercontent.com/v3/u/53/53/1778220000000/ILqnowrtgrmnx9g2GMc0GQ/YaVO1dzNMTTXco_tx53eNSRL-OxKHWwuLY73wQ87Ojmk4q08FJGWbPsTaEj85EcZc8834rCcFz18i7fO28a8NvwVZnJb-edvOsLgGAFswtQESKyuVOAW6jYQf1Wo1p2duj7PO7m1Rdlb1QB9vVJ4zvR73V5xu3DMB_OboijzbaY/R33hz2mzIrq4cm8us2OSDVpGu9gzmM0oVyuMCnyyLYQ),,,Non active,Unnamed record
BIOGAS,24 Hrs,,$10000.00,BIOGAS,,,$0.00,ORKA_LOGO_enhanced.png (https://v5.airtableusercontent.com/v3/u/53/53/1778220000000/ILqnowrtgrmnx9g2GMc0GQ/YaVO1dzNMTTXco_tx53eNSRL-OxKHWwuLY73wQ87Ojmk4q08FJGWbPsTaEj85EcZc8834rCcFz18i7fO28a8NvwVZnJb-edvOsLgGAFswtQESKyuVOAW6jYQf1Wo1p2duj7PO7m1Rdlb1QB9vVJ4zvR73V5xu3DMB_OboijzbaY/R33hz2mzIrq4cm8us2OSDVpGu9gzmM0oVyuMCnyyLYQ),,,Non active,Unnamed record
BLAU PETROL,24 Hrs,,$10000.00,BLAU PETROL,,,$0.00,ORKA_LOGO_enhanced.png (https://v5.airtableusercontent.com/v3/u/53/53/1778220000000/ILqnowrtgrmnx9g2GMc0GQ/YaVO1dzNMTTXco_tx53eNSRL-OxKHWwuLY73wQ87Ojmk4q08FJGWbPsTaEj85EcZc8834rCcFz18i7fO28a8NvwVZnJb-edvOsLgGAFswtQESKyuVOAW6jYQf1Wo1p2duj7PO7m1Rdlb1QB9vVJ4zvR73V5xu3DMB_OboijzbaY/R33hz2mzIrq4cm8us2OSDVpGu9gzmM0oVyuMCnyyLYQ),,,Non active,Unnamed record
CAZBER,24 Hrs,,$10000.00,CAZBER,,,$0.00,ORKA_LOGO_enhanced.png (https://v5.airtableusercontent.com/v3/u/53/53/1778220000000/ILqnowrtgrmnx9g2GMc0GQ/YaVO1dzNMTTXco_tx53eNSRL-OxKHWwuLY73wQ87Ojmk4q08FJGWbPsTaEj85EcZc8834rCcFz18i7fO28a8NvwVZnJb-edvOsLgGAFswtQESKyuVOAW6jYQf1Wo1p2duj7PO7m1Rdlb1QB9vVJ4zvR73V5xu3DMB_OboijzbaY/R33hz2mzIrq4cm8us2OSDVpGu9gzmM0oVyuMCnyyLYQ),,,Non active,Unnamed record
CHITO ENERGY,24 Hrs,,$10000.00,CHITO ENERGY,,,$0.00,ORKA_LOGO_enhanced.png (https://v5.airtableusercontent.com/v3/u/53/53/1778220000000/ILqnowrtgrmnx9g2GMc0GQ/YaVO1dzNMTTXco_tx53eNSRL-OxKHWwuLY73wQ87Ojmk4q08FJGWbPsTaEj85EcZc8834rCcFz18i7fO28a8NvwVZnJb-edvOsLgGAFswtQESKyuVOAW6jYQf1Wo1p2duj7PO7m1Rdlb1QB9vVJ4zvR73V5xu3DMB_OboijzbaY/R33hz2mzIrq4cm8us2OSDVpGu9gzmM0oVyuMCnyyLYQ),,,Non active,Unnamed record
CIAY - RAIL,24 Hrs,,$10000.00,CIAY - RAIL,,,$0.00,ORKA_LOGO_enhanced.png (https://v5.airtableusercontent.com/v3/u/53/53/1778220000000/ILqnowrtgrmnx9g2GMc0GQ/YaVO1dzNMTTXco_tx53eNSRL-OxKHWwuLY73wQ87Ojmk4q08FJGWbPsTaEj85EcZc8834rCcFz18i7fO28a8NvwVZnJb-edvOsLgGAFswtQESKyuVOAW6jYQf1Wo1p2duj7PO7m1Rdlb1QB9vVJ4zvR73V5xu3DMB_OboijzbaY/R33hz2mzIrq4cm8us2OSDVpGu9gzmM0oVyuMCnyyLYQ),,,Non active,Unnamed record
COMERCIALIZADORA,24 Hrs,,$10000.00,COMERCIALIZADORA,,,$0.00,ORKA_LOGO_enhanced.png (https://v5.airtableusercontent.com/v3/u/53/53/1778220000000/ILqnowrtgrmnx9g2GMc0GQ/YaVO1dzNMTTXco_tx53eNSRL-OxKHWwuLY73wQ87Ojmk4q08FJGWbPsTaEj85EcZc8834rCcFz18i7fO28a8NvwVZnJb-edvOsLgGAFswtQESKyuVOAW6jYQf1Wo1p2duj7PO7m1Rdlb1QB9vVJ4zvR73V5xu3DMB_OboijzbaY/R33hz2mzIrq4cm8us2OSDVpGu9gzmM0oVyuMCnyyLYQ),,,Non active,Unnamed record
DALCRISE,24 Hrs,,$10000.00,DALCRISE,,,$0.00,ORKA_LOGO_enhanced.png (https://v5.airtableusercontent.com/v3/u/53/53/1778220000000/ILqnowrtgrmnx9g2GMc0GQ/YaVO1dzNMTTXco_tx53eNSRL-OxKHWwuLY73wQ87Ojmk4q08FJGWbPsTaEj85EcZc8834rCcFz18i7fO28a8NvwVZnJb-edvOsLgGAFswtQESKyuVOAW6jYQf1Wo1p2duj7PO7m1Rdlb1QB9vVJ4zvR73V5xu3DMB_OboijzbaY/R33hz2mzIrq4cm8us2OSDVpGu9gzmM0oVyuMCnyyLYQ),,,Non active,Unnamed record
DAUAJARE,24 Hrs,,$10000.00,DAUAJARE,,,$0.00,ORKA_LOGO_enhanced.png (https://v5.airtableusercontent.com/v3/u/53/53/1778220000000/ILqnowrtgrmnx9g2GMc0GQ/YaVO1dzNMTTXco_tx53eNSRL-OxKHWwuLY73wQ87Ojmk4q08FJGWbPsTaEj85EcZc8834rCcFz18i7fO28a8NvwVZnJb-edvOsLgGAFswtQESKyuVOAW6jYQf1Wo1p2duj7PO7m1Rdlb1QB9vVJ4zvR73V5xu3DMB_OboijzbaY/R33hz2mzIrq4cm8us2OSDVpGu9gzmM0oVyuMCnyyLYQ),,,Non active,Unnamed record
EAGLE ENERGY,24 Hrs,,$10000.00,EAGLE ENERGY,,,$0.00,ORKA_LOGO_enhanced.png (https://v5.airtableusercontent.com/v3/u/53/53/1778220000000/ILqnowrtgrmnx9g2GMc0GQ/YaVO1dzNMTTXco_tx53eNSRL-OxKHWwuLY73wQ87Ojmk4q08FJGWbPsTaEj85EcZc8834rCcFz18i7fO28a8NvwVZnJb-edvOsLgGAFswtQESKyuVOAW6jYQf1Wo1p2duj7PO7m1Rdlb1QB9vVJ4zvR73V5xu3DMB_OboijzbaY/R33hz2mzIrq4cm8us2OSDVpGu9gzmM0oVyuMCnyyLYQ),,,Non active,Unnamed record
EMESUR,24 Hrs,,$10000.00,EMESUR,,,$0.00,ORKA_LOGO_enhanced.png (https://v5.airtableusercontent.com/v3/u/53/53/1778220000000/ILqnowrtgrmnx9g2GMc0GQ/YaVO1dzNMTTXco_tx53eNSRL-OxKHWwuLY73wQ87Ojmk4q08FJGWbPsTaEj85EcZc8834rCcFz18i7fO28a8NvwVZnJb-edvOsLgGAFswtQESKyuVOAW6jYQf1Wo1p2duj7PO7m1Rdlb1QB9vVJ4zvR73V5xu3DMB_OboijzbaY/R33hz2mzIrq4cm8us2OSDVpGu9gzmM0oVyuMCnyyLYQ),,,Non active,Unnamed record
ENERGETICOS,24 Hrs,,$10000.00,ENERGETICOS,,,$0.00,ORKA_LOGO_enhanced.png (https://v5.airtableusercontent.com/v3/u/53/53/1778220000000/ILqnowrtgrmnx9g2GMc0GQ/YaVO1dzNMTTXco_tx53eNSRL-OxKHWwuLY73wQ87Ojmk4q08FJGWbPsTaEj85EcZc8834rCcFz18i7fO28a8NvwVZnJb-edvOsLgGAFswtQESKyuVOAW6jYQf1Wo1p2duj7PO7m1Rdlb1QB9vVJ4zvR73V5xu3DMB_OboijzbaY/R33hz2mzIrq4cm8us2OSDVpGu9gzmM0oVyuMCnyyLYQ),,,Non active,Unnamed record
ENERGROUP,24 Hrs,,$10000.00,ENERGROUP,,,$0.00,ORKA_LOGO_enhanced.png (https://v5.airtableusercontent.com/v3/u/53/53/1778220000000/ILqnowrtgrmnx9g2GMc0GQ/YaVO1dzNMTTXco_tx53eNSRL-OxKHWwuLY73wQ87Ojmk4q08FJGWbPsTaEj85EcZc8834rCcFz18i7fO28a8NvwVZnJb-edvOsLgGAFswtQESKyuVOAW6jYQf1Wo1p2duj7PO7m1Rdlb1QB9vVJ4zvR73V5xu3DMB_OboijzbaY/R33hz2mzIrq4cm8us2OSDVpGu9gzmM0oVyuMCnyyLYQ),,,Non active,Unnamed record
FIELDS,24 Hrs,,$10000.00,FIELDS,,,$0.00,ORKA_LOGO_enhanced.png (https://v5.airtableusercontent.com/v3/u/53/53/1778220000000/ILqnowrtgrmnx9g2GMc0GQ/YaVO1dzNMTTXco_tx53eNSRL-OxKHWwuLY73wQ87Ojmk4q08FJGWbPsTaEj85EcZc8834rCcFz18i7fO28a8NvwVZnJb-edvOsLgGAFswtQESKyuVOAW6jYQf1Wo1p2duj7PO7m1Rdlb1QB9vVJ4zvR73V5xu3DMB_OboijzbaY/R33hz2mzIrq4cm8us2OSDVpGu9gzmM0oVyuMCnyyLYQ),,,Non active,Unnamed record
FMB ENERGY,24 Hrs,,$10000.00,FMB ENERGY,,,$0.00,ORKA_LOGO_enhanced.png (https://v5.airtableusercontent.com/v3/u/53/53/1778220000000/ILqnowrtgrmnx9g2GMc0GQ/YaVO1dzNMTTXco_tx53eNSRL-OxKHWwuLY73wQ87Ojmk4q08FJGWbPsTaEj85EcZc8834rCcFz18i7fO28a8NvwVZnJb-edvOsLgGAFswtQESKyuVOAW6jYQf1Wo1p2duj7PO7m1Rdlb1QB9vVJ4zvR73V5xu3DMB_OboijzbaY/R33hz2mzIrq4cm8us2OSDVpGu9gzmM0oVyuMCnyyLYQ),,,Non active,Unnamed record
GARVEL,24 Hrs,,$10000.00,GARVEL,,,$0.00,ORKA_LOGO_enhanced.png (https://v5.airtableusercontent.com/v3/u/53/53/1778220000000/ILqnowrtgrmnx9g2GMc0GQ/YaVO1dzNMTTXco_tx53eNSRL-OxKHWwuLY73wQ87Ojmk4q08FJGWbPsTaEj85EcZc8834rCcFz18i7fO28a8NvwVZnJb-edvOsLgGAFswtQESKyuVOAW6jYQf1Wo1p2duj7PO7m1Rdlb1QB9vVJ4zvR73V5xu3DMB_OboijzbaY/R33hz2mzIrq4cm8us2OSDVpGu9gzmM0oVyuMCnyyLYQ),,,Non active,Unnamed record
GUERRA,24 Hrs,,$10000.00,GUERRA,,,$0.00,ORKA_LOGO_enhanced.png (https://v5.airtableusercontent.com/v3/u/53/53/1778220000000/ILqnowrtgrmnx9g2GMc0GQ/YaVO1dzNMTTXco_tx53eNSRL-OxKHWwuLY73wQ87Ojmk4q08FJGWbPsTaEj85EcZc8834rCcFz18i7fO28a8NvwVZnJb-edvOsLgGAFswtQESKyuVOAW6jYQf1Wo1p2duj7PO7m1Rdlb1QB9vVJ4zvR73V5xu3DMB_OboijzbaY/R33hz2mzIrq4cm8us2OSDVpGu9gzmM0oVyuMCnyyLYQ),,,Non active,Unnamed record
GURO,24 Hrs,,$10000.00,GURO,,,$0.00,ORKA_LOGO_enhanced.png (https://v5.airtableusercontent.com/v3/u/53/53/1778220000000/ILqnowrtgrmnx9g2GMc0GQ/YaVO1dzNMTTXco_tx53eNSRL-OxKHWwuLY73wQ87Ojmk4q08FJGWbPsTaEj85EcZc8834rCcFz18i7fO28a8NvwVZnJb-edvOsLgGAFswtQESKyuVOAW6jYQf1Wo1p2duj7PO7m1Rdlb1QB9vVJ4zvR73V5xu3DMB_OboijzbaY/R33hz2mzIrq4cm8us2OSDVpGu9gzmM0oVyuMCnyyLYQ),,,Non active,Unnamed record
HICARBU,24 Hrs,,$10000.00,HICARBU,,,$0.00,ORKA_LOGO_enhanced.png (https://v5.airtableusercontent.com/v3/u/53/53/1778220000000/ILqnowrtgrmnx9g2GMc0GQ/YaVO1dzNMTTXco_tx53eNSRL-OxKHWwuLY73wQ87Ojmk4q08FJGWbPsTaEj85EcZc8834rCcFz18i7fO28a8NvwVZnJb-edvOsLgGAFswtQESKyuVOAW6jYQf1Wo1p2duj7PO7m1Rdlb1QB9vVJ4zvR73V5xu3DMB_OboijzbaY/R33hz2mzIrq4cm8us2OSDVpGu9gzmM0oVyuMCnyyLYQ),,,Non active,Unnamed record
HIDROSAG,24 Hrs,,$10000.00,HIDROSAG,,,$0.00,ORKA_LOGO_enhanced.png (https://v5.airtableusercontent.com/v3/u/53/53/1778220000000/ILqnowrtgrmnx9g2GMc0GQ/YaVO1dzNMTTXco_tx53eNSRL-OxKHWwuLY73wQ87Ojmk4q08FJGWbPsTaEj85EcZc8834rCcFz18i7fO28a8NvwVZnJb-edvOsLgGAFswtQESKyuVOAW6jYQf1Wo1p2duj7PO7m1Rdlb1QB9vVJ4zvR73V5xu3DMB_OboijzbaY/R33hz2mzIrq4cm8us2OSDVpGu9gzmM0oVyuMCnyyLYQ),,,Non active,Unnamed record
HUERTA,24 Hrs,,$10000.00,HUERTA,,,$0.00,ORKA_LOGO_enhanced.png (https://v5.airtableusercontent.com/v3/u/53/53/1778220000000/ILqnowrtgrmnx9g2GMc0GQ/YaVO1dzNMTTXco_tx53eNSRL-OxKHWwuLY73wQ87Ojmk4q08FJGWbPsTaEj85EcZc8834rCcFz18i7fO28a8NvwVZnJb-edvOsLgGAFswtQESKyuVOAW6jYQf1Wo1p2duj7PO7m1Rdlb1QB9vVJ4zvR73V5xu3DMB_OboijzbaY/R33hz2mzIrq4cm8us2OSDVpGu9gzmM0oVyuMCnyyLYQ),,,Non active,Unnamed record
HUMEC,24 Hrs,,$10000.00,HUMEC,,,$0.00,ORKA_LOGO_enhanced.png (https://v5.airtableusercontent.com/v3/u/53/53/1778220000000/ILqnowrtgrmnx9g2GMc0GQ/YaVO1dzNMTTXco_tx53eNSRL-OxKHWwuLY73wQ87Ojmk4q08FJGWbPsTaEj85EcZc8834rCcFz18i7fO28a8NvwVZnJb-edvOsLgGAFswtQESKyuVOAW6jYQf1Wo1p2duj7PO7m1Rdlb1QB9vVJ4zvR73V5xu3DMB_OboijzbaY/R33hz2mzIrq4cm8us2OSDVpGu9gzmM0oVyuMCnyyLYQ),,,Non active,Unnamed record
ICOENSA,24 Hrs,,$10000.00,ICOENSA,,,$0.00,ORKA_LOGO_enhanced.png (https://v5.airtableusercontent.com/v3/u/53/53/1778220000000/ILqnowrtgrmnx9g2GMc0GQ/YaVO1dzNMTTXco_tx53eNSRL-OxKHWwuLY73wQ87Ojmk4q08FJGWbPsTaEj85EcZc8834rCcFz18i7fO28a8NvwVZnJb-edvOsLgGAFswtQESKyuVOAW6jYQf1Wo1p2duj7PO7m1Rdlb1QB9vVJ4zvR73V5xu3DMB_OboijzbaY/R33hz2mzIrq4cm8us2OSDVpGu9gzmM0oVyuMCnyyLYQ),,,Non active,Unnamed record
IKER ENERGY,24 Hrs,,$10000.00,IKER ENERGY,,,$0.00,ORKA_LOGO_enhanced.png (https://v5.airtableusercontent.com/v3/u/53/53/1778220000000/ILqnowrtgrmnx9g2GMc0GQ/YaVO1dzNMTTXco_tx53eNSRL-OxKHWwuLY73wQ87Ojmk4q08FJGWbPsTaEj85EcZc8834rCcFz18i7fO28a8NvwVZnJb-edvOsLgGAFswtQESKyuVOAW6jYQf1Wo1p2duj7PO7m1Rdlb1QB9vVJ4zvR73V5xu3DMB_OboijzbaY/R33hz2mzIrq4cm8us2OSDVpGu9gzmM0oVyuMCnyyLYQ),,,Non active,Unnamed record
INNOSOLV,24 Hrs,,$10000.00,INNOSOLV,,,$0.00,ORKA_LOGO_enhanced.png (https://v5.airtableusercontent.com/v3/u/53/53/1778220000000/ILqnowrtgrmnx9g2GMc0GQ/YaVO1dzNMTTXco_tx53eNSRL-OxKHWwuLY73wQ87Ojmk4q08FJGWbPsTaEj85EcZc8834rCcFz18i7fO28a8NvwVZnJb-edvOsLgGAFswtQESKyuVOAW6jYQf1Wo1p2duj7PO7m1Rdlb1QB9vVJ4zvR73V5xu3DMB_OboijzbaY/R33hz2mzIrq4cm8us2OSDVpGu9gzmM0oVyuMCnyyLYQ),,,Non active,Unnamed record
JALA ENERGY,24 Hrs,,$10000.00,JALA ENERGY,,,$0.00,ORKA_LOGO_enhanced.png (https://v5.airtableusercontent.com/v3/u/53/53/1778220000000/ILqnowrtgrmnx9g2GMc0GQ/YaVO1dzNMTTXco_tx53eNSRL-OxKHWwuLY73wQ87Ojmk4q08FJGWbPsTaEj85EcZc8834rCcFz18i7fO28a8NvwVZnJb-edvOsLgGAFswtQESKyuVOAW6jYQf1Wo1p2duj7PO7m1Rdlb1QB9vVJ4zvR73V5xu3DMB_OboijzbaY/R33hz2mzIrq4cm8us2OSDVpGu9gzmM0oVyuMCnyyLYQ),,,Non active,Unnamed record
JAR FREIGHT,24 Hrs,,$10000.00,JAR FREIGHT,,,$0.00,ORKA_LOGO_enhanced.png (https://v5.airtableusercontent.com/v3/u/53/53/1778220000000/ILqnowrtgrmnx9g2GMc0GQ/YaVO1dzNMTTXco_tx53eNSRL-OxKHWwuLY73wQ87Ojmk4q08FJGWbPsTaEj85EcZc8834rCcFz18i7fO28a8NvwVZnJb-edvOsLgGAFswtQESKyuVOAW6jYQf1Wo1p2duj7PO7m1Rdlb1QB9vVJ4zvR73V5xu3DMB_OboijzbaY/R33hz2mzIrq4cm8us2OSDVpGu9gzmM0oVyuMCnyyLYQ),,,Non active,Unnamed record
JEQUE,24 Hrs,,$10000.00,JEQUE,,,$0.00,ORKA_LOGO_enhanced.png (https://v5.airtableusercontent.com/v3/u/53/53/1778220000000/ILqnowrtgrmnx9g2GMc0GQ/YaVO1dzNMTTXco_tx53eNSRL-OxKHWwuLY73wQ87Ojmk4q08FJGWbPsTaEj85EcZc8834rCcFz18i7fO28a8NvwVZnJb-edvOsLgGAFswtQESKyuVOAW6jYQf1Wo1p2duj7PO7m1Rdlb1QB9vVJ4zvR73V5xu3DMB_OboijzbaY/R33hz2mzIrq4cm8us2OSDVpGu9gzmM0oVyuMCnyyLYQ),,,Non active,Unnamed record
JB FUELS,24 Hrs,,$10000.00,JB FUELS,,,$0.00,ORKA_LOGO_enhanced.png (https://v5.airtableusercontent.com/v3/u/53/53/1778220000000/ILqnowrtgrmnx9g2GMc0GQ/YaVO1dzNMTTXco_tx53eNSRL-OxKHWwuLY73wQ87Ojmk4q08FJGWbPsTaEj85EcZc8834rCcFz18i7fO28a8NvwVZnJb-edvOsLgGAFswtQESKyuVOAW6jYQf1Wo1p2duj7PO7m1Rdlb1QB9vVJ4zvR73V5xu3DMB_OboijzbaY/R33hz2mzIrq4cm8us2OSDVpGu9gzmM0oVyuMCnyyLYQ),,,Non active,Unnamed record
JOSUE ENERGY,24 Hrs,,$10000.00,JOSUE ENERGY,,,$0.00,ORKA_LOGO_enhanced.png (https://v5.airtableusercontent.com/v3/u/53/53/1778220000000/ILqnowrtgrmnx9g2GMc0GQ/YaVO1dzNMTTXco_tx53eNSRL-OxKHWwuLY73wQ87Ojmk4q08FJGWbPsTaEj85EcZc8834rCcFz18i7fO28a8NvwVZnJb-edvOsLgGAFswtQESKyuVOAW6jYQf1Wo1p2duj7PO7m1Rdlb1QB9vVJ4zvR73V5xu3DMB_OboijzbaY/R33hz2mzIrq4cm8us2OSDVpGu9gzmM0oVyuMCnyyLYQ),,,Non active,Unnamed record
JPAC,24 Hrs,,$10000.00,JPAC,,,$0.00,ORKA_LOGO_enhanced.png (https://v5.airtableusercontent.com/v3/u/53/53/1778220000000/ILqnowrtgrmnx9g2GMc0GQ/YaVO1dzNMTTXco_tx53eNSRL-OxKHWwuLY73wQ87Ojmk4q08FJGWbPsTaEj85EcZc8834rCcFz18i7fO28a8NvwVZnJb-edvOsLgGAFswtQESKyuVOAW6jYQf1Wo1p2duj7PO7m1Rdlb1QB9vVJ4zvR73V5xu3DMB_OboijzbaY/R33hz2mzIrq4cm8us2OSDVpGu9gzmM0oVyuMCnyyLYQ),,,Non active,Unnamed record
JUAN ENERGY,24 Hrs,,$10000.00,JUAN ENERGY,,,$0.00,ORKA_LOGO_enhanced.png (https://v5.airtableusercontent.com/v3/u/53/53/1778220000000/ILqnowrtgrmnx9g2GMc0GQ/YaVO1dzNMTTXco_tx53eNSRL-OxKHWwuLY73wQ87Ojmk4q08FJGWbPsTaEj85EcZc8834rCcFz18i7fO28a8NvwVZnJb-edvOsLgGAFswtQESKyuVOAW6jYQf1Wo1p2duj7PO7m1Rdlb1QB9vVJ4zvR73V5xu3DMB_OboijzbaY/R33hz2mzIrq4cm8us2OSDVpGu9gzmM0oVyuMCnyyLYQ),,,Non active,Unnamed record
LAMBRUCAR,24 Hrs,,$10000.00,LAMBRUCAR,,,$0.00,ORKA_LOGO_enhanced.png (https://v5.airtableusercontent.com/v3/u/53/53/1778220000000/ILqnowrtgrmnx9g2GMc0GQ/YaVO1dzNMTTXco_tx53eNSRL-OxKHWwuLY73wQ87Ojmk4q08FJGWbPsTaEj85EcZc8834rCcFz18i7fO28a8NvwVZnJb-edvOsLgGAFswtQESKyuVOAW6jYQf1Wo1p2duj7PO7m1Rdlb1QB9vVJ4zvR73V5xu3DMB_OboijzbaY/R33hz2mzIrq4cm8us2OSDVpGu9gzmM0oVyuMCnyyLYQ),,,Non active,Unnamed record
LEB ENERGY,24 Hrs,,$10000.00,LEB ENERGY,,,$0.00,ORKA_LOGO_enhanced.png (https://v5.airtableusercontent.com/v3/u/53/53/1778220000000/ILqnowrtgrmnx9g2GMc0GQ/YaVO1dzNMTTXco_tx53eNSRL-OxKHWwuLY73wQ87Ojmk4q08FJGWbPsTaEj85EcZc8834rCcFz18i7fO28a8NvwVZnJb-edvOsLgGAFswtQESKyuVOAW6jYQf1Wo1p2duj7PO7m1Rdlb1QB9vVJ4zvR73V5xu3DMB_OboijzbaY/R33hz2mzIrq4cm8us2OSDVpGu9gzmM0oVyuMCnyyLYQ),,,Non active,Unnamed record
LEE ENERGY,24 Hrs,,$10000.00,LEE ENERGY,,,$0.00,ORKA_LOGO_enhanced.png (https://v5.airtableusercontent.com/v3/u/53/53/1778220000000/ILqnowrtgrmnx9g2GMc0GQ/YaVO1dzNMTTXco_tx53eNSRL-OxKHWwuLY73wQ87Ojmk4q08FJGWbPsTaEj85EcZc8834rCcFz18i7fO28a8NvwVZnJb-edvOsLgGAFswtQESKyuVOAW6jYQf1Wo1p2duj7PO7m1Rdlb1QB9vVJ4zvR73V5xu3DMB_OboijzbaY/R33hz2mzIrq4cm8us2OSDVpGu9gzmM0oVyuMCnyyLYQ),,,Non active,Unnamed record
LOWIN,24 Hrs,,$10000.00,LOWIN,,,$0.00,ORKA_LOGO_enhanced.png (https://v5.airtableusercontent.com/v3/u/53/53/1778220000000/ILqnowrtgrmnx9g2GMc0GQ/YaVO1dzNMTTXco_tx53eNSRL-OxKHWwuLY73wQ87Ojmk4q08FJGWbPsTaEj85EcZc8834rCcFz18i7fO28a8NvwVZnJb-edvOsLgGAFswtQESKyuVOAW6jYQf1Wo1p2duj7PO7m1Rdlb1QB9vVJ4zvR73V5xu3DMB_OboijzbaY/R33hz2mzIrq4cm8us2OSDVpGu9gzmM0oVyuMCnyyLYQ),,,Non active,Unnamed record
LUIS BR,24 Hrs,,$10000.00,LUIS BR,,,$0.00,ORKA_LOGO_enhanced.png (https://v5.airtableusercontent.com/v3/u/53/53/1778220000000/ILqnowrtgrmnx9g2GMc0GQ/YaVO1dzNMTTXco_tx53eNSRL-OxKHWwuLY73wQ87Ojmk4q08FJGWbPsTaEj85EcZc8834rCcFz18i7fO28a8NvwVZnJb-edvOsLgGAFswtQESKyuVOAW6jYQf1Wo1p2duj7PO7m1Rdlb1QB9vVJ4zvR73V5xu3DMB_OboijzbaY/R33hz2mzIrq4cm8us2OSDVpGu9gzmM0oVyuMCnyyLYQ),,,Non active,Unnamed record
LUTHA,24 Hrs,,$10000.00,LUTHA,,,$0.00,ORKA_LOGO_enhanced.png (https://v5.airtableusercontent.com/v3/u/53/53/1778220000000/ILqnowrtgrmnx9g2GMc0GQ/YaVO1dzNMTTXco_tx53eNSRL-OxKHWwuLY73wQ87Ojmk4q08FJGWbPsTaEj85EcZc8834rCcFz18i7fO28a8NvwVZnJb-edvOsLgGAFswtQESKyuVOAW6jYQf1Wo1p2duj7PO7m1Rdlb1QB9vVJ4zvR73V5xu3DMB_OboijzbaY/R33hz2mzIrq4cm8us2OSDVpGu9gzmM0oVyuMCnyyLYQ),,,Non active,Unnamed record
MAGDA,24 Hrs,,$10000.00,MAGDA,,,$0.00,ORKA_LOGO_enhanced.png (https://v5.airtableusercontent.com/v3/u/53/53/1778220000000/ILqnowrtgrmnx9g2GMc0GQ/YaVO1dzNMTTXco_tx53eNSRL-OxKHWwuLY73wQ87Ojmk4q08FJGWbPsTaEj85EcZc8834rCcFz18i7fO28a8NvwVZnJb-edvOsLgGAFswtQESKyuVOAW6jYQf1Wo1p2duj7PO7m1Rdlb1QB9vVJ4zvR73V5xu3DMB_OboijzbaY/R33hz2mzIrq4cm8us2OSDVpGu9gzmM0oVyuMCnyyLYQ),,,Non active,Unnamed record
MALESA,24 Hrs,,$10000.00,MALESA,,,$0.00,ORKA_LOGO_enhanced.png (https://v5.airtableusercontent.com/v3/u/53/53/1778220000000/ILqnowrtgrmnx9g2GMc0GQ/YaVO1dzNMTTXco_tx53eNSRL-OxKHWwuLY73wQ87Ojmk4q08FJGWbPsTaEj85EcZc8834rCcFz18i7fO28a8NvwVZnJb-edvOsLgGAFswtQESKyuVOAW6jYQf1Wo1p2duj7PO7m1Rdlb1QB9vVJ4zvR73V5xu3DMB_OboijzbaY/R33hz2mzIrq4cm8us2OSDVpGu9gzmM0oVyuMCnyyLYQ),,,Non active,Unnamed record
MAQLUB,24 Hrs,,$10000.00,MAQLUB,,,$0.00,ORKA_LOGO_enhanced.png (https://v5.airtableusercontent.com/v3/u/53/53/1778220000000/ILqnowrtgrmnx9g2GMc0GQ/YaVO1dzNMTTXco_tx53eNSRL-OxKHWwuLY73wQ87Ojmk4q08FJGWbPsTaEj85EcZc8834rCcFz18i7fO28a8NvwVZnJb-edvOsLgGAFswtQESKyuVOAW6jYQf1Wo1p2duj7PO7m1Rdlb1QB9vVJ4zvR73V5xu3DMB_OboijzbaY/R33hz2mzIrq4cm8us2OSDVpGu9gzmM0oVyuMCnyyLYQ),,,Non active,Unnamed record
MAQUINARIA,24 Hrs,,$10000.00,MAQUINARIA,,,$0.00,ORKA_LOGO_enhanced.png (https://v5.airtableusercontent.com/v3/u/53/53/1778220000000/ILqnowrtgrmnx9g2GMc0GQ/YaVO1dzNMTTXco_tx53eNSRL-OxKHWwuLY73wQ87Ojmk4q08FJGWbPsTaEj85EcZc8834rCcFz18i7fO28a8NvwVZnJb-edvOsLgGAFswtQESKyuVOAW6jYQf1Wo1p2duj7PO7m1Rdlb1QB9vVJ4zvR73V5xu3DMB_OboijzbaY/R33hz2mzIrq4cm8us2OSDVpGu9gzmM0oVyuMCnyyLYQ),,,Non active,Unnamed record
MARVIC,24 Hrs,,$10000.00,MARVIC,,,$0.00,ORKA_LOGO_enhanced.png (https://v5.airtableusercontent.com/v3/u/53/53/1778220000000/ILqnowrtgrmnx9g2GMc0GQ/YaVO1dzNMTTXco_tx53eNSRL-OxKHWwuLY73wQ87Ojmk4q08FJGWbPsTaEj85EcZc8834rCcFz18i7fO28a8NvwVZnJb-edvOsLgGAFswtQESKyuVOAW6jYQf1Wo1p2duj7PO7m1Rdlb1QB9vVJ4zvR73V5xu3DMB_OboijzbaY/R33hz2mzIrq4cm8us2OSDVpGu9gzmM0oVyuMCnyyLYQ),,,Non active,Unnamed record
MASS,24 Hrs,,$10000.00,MASS,,,$0.00,ORKA_LOGO_enhanced.png (https://v5.airtableusercontent.com/v3/u/53/53/1778220000000/ILqnowrtgrmnx9g2GMc0GQ/YaVO1dzNMTTXco_tx53eNSRL-OxKHWwuLY73wQ87Ojmk4q08FJGWbPsTaEj85EcZc8834rCcFz18i7fO28a8NvwVZnJb-edvOsLgGAFswtQESKyuVOAW6jYQf1Wo1p2duj7PO7m1Rdlb1QB9vVJ4zvR73V5xu3DMB_OboijzbaY/R33hz2mzIrq4cm8us2OSDVpGu9gzmM0oVyuMCnyyLYQ),,,Non active,Unnamed record
MEXXON,24 Hrs,,$10000.00,MEXXON,,,$0.00,ORKA_LOGO_enhanced.png (https://v5.airtableusercontent.com/v3/u/53/53/1778220000000/ILqnowrtgrmnx9g2GMc0GQ/YaVO1dzNMTTXco_tx53eNSRL-OxKHWwuLY73wQ87Ojmk4q08FJGWbPsTaEj85EcZc8834rCcFz18i7fO28a8NvwVZnJb-edvOsLgGAFswtQESKyuVOAW6jYQf1Wo1p2duj7PO7m1Rdlb1QB9vVJ4zvR73V5xu3DMB_OboijzbaY/R33hz2mzIrq4cm8us2OSDVpGu9gzmM0oVyuMCnyyLYQ),,,Non active,Unnamed record
MG ENERGY,24 Hrs,,$10000.00,MG ENERGY,,,$0.00,ORKA_LOGO_enhanced.png (https://v5.airtableusercontent.com/v3/u/53/53/1778220000000/ILqnowrtgrmnx9g2GMc0GQ/YaVO1dzNMTTXco_tx53eNSRL-OxKHWwuLY73wQ87Ojmk4q08FJGWbPsTaEj85EcZc8834rCcFz18i7fO28a8NvwVZnJb-edvOsLgGAFswtQESKyuVOAW6jYQf1Wo1p2duj7PO7m1Rdlb1QB9vVJ4zvR73V5xu3DMB_OboijzbaY/R33hz2mzIrq4cm8us2OSDVpGu9gzmM0oVyuMCnyyLYQ),,,Non active,Unnamed record
MKS,24 Hrs,,$10000.00,MKS,,,$0.00,ORKA_LOGO_enhanced.png (https://v5.airtableusercontent.com/v3/u/53/53/1778220000000/ILqnowrtgrmnx9g2GMc0GQ/YaVO1dzNMTTXco_tx53eNSRL-OxKHWwuLY73wQ87Ojmk4q08FJGWbPsTaEj85EcZc8834rCcFz18i7fO28a8NvwVZnJb-edvOsLgGAFswtQESKyuVOAW6jYQf1Wo1p2duj7PO7m1Rdlb1QB9vVJ4zvR73V5xu3DMB_OboijzbaY/R33hz2mzIrq4cm8us2OSDVpGu9gzmM0oVyuMCnyyLYQ),,,Non active,Unnamed record
NAVAL,24 Hrs,,$10000.00,NAVAL,,,$0.00,ORKA_LOGO_enhanced.png (https://v5.airtableusercontent.com/v3/u/53/53/1778220000000/ILqnowrtgrmnx9g2GMc0GQ/YaVO1dzNMTTXco_tx53eNSRL-OxKHWwuLY73wQ87Ojmk4q08FJGWbPsTaEj85EcZc8834rCcFz18i7fO28a8NvwVZnJb-edvOsLgGAFswtQESKyuVOAW6jYQf1Wo1p2duj7PO7m1Rdlb1QB9vVJ4zvR73V5xu3DMB_OboijzbaY/R33hz2mzIrq4cm8us2OSDVpGu9gzmM0oVyuMCnyyLYQ),,,Non active,Unnamed record
OLEUMV,24 Hrs,,$10000.00,OLEUMV,,,$0.00,ORKA_LOGO_enhanced.png (https://v5.airtableusercontent.com/v3/u/53/53/1778220000000/ILqnowrtgrmnx9g2GMc0GQ/YaVO1dzNMTTXco_tx53eNSRL-OxKHWwuLY73wQ87Ojmk4q08FJGWbPsTaEj85EcZc8834rCcFz18i7fO28a8NvwVZnJb-edvOsLgGAFswtQESKyuVOAW6jYQf1Wo1p2duj7PO7m1Rdlb1QB9vVJ4zvR73V5xu3DMB_OboijzbaY/R33hz2mzIrq4cm8us2OSDVpGu9gzmM0oVyuMCnyyLYQ),,,Non active,Unnamed record
OLG,24 Hrs,,$10000.00,OLG,,,$0.00,ORKA_LOGO_enhanced.png (https://v5.airtableusercontent.com/v3/u/53/53/1778220000000/ILqnowrtgrmnx9g2GMc0GQ/YaVO1dzNMTTXco_tx53eNSRL-OxKHWwuLY73wQ87Ojmk4q08FJGWbPsTaEj85EcZc8834rCcFz18i7fO28a8NvwVZnJb-edvOsLgGAFswtQESKyuVOAW6jYQf1Wo1p2duj7PO7m1Rdlb1QB9vVJ4zvR73V5xu3DMB_OboijzbaY/R33hz2mzIrq4cm8us2OSDVpGu9gzmM0oVyuMCnyyLYQ),,,Non active,Unnamed record
OP ENERGY,24 Hrs,,$10000.00,OP ENERGY,,,$0.00,ORKA_LOGO_enhanced.png (https://v5.airtableusercontent.com/v3/u/53/53/1778220000000/ILqnowrtgrmnx9g2GMc0GQ/YaVO1dzNMTTXco_tx53eNSRL-OxKHWwuLY73wQ87Ojmk4q08FJGWbPsTaEj85EcZc8834rCcFz18i7fO28a8NvwVZnJb-edvOsLgGAFswtQESKyuVOAW6jYQf1Wo1p2duj7PO7m1Rdlb1QB9vVJ4zvR73V5xu3DMB_OboijzbaY/R33hz2mzIrq4cm8us2OSDVpGu9gzmM0oVyuMCnyyLYQ),,,Non active,Unnamed record
OSCAR ENERGY,24 Hrs,,$10000.00,OSCAR ENERGY,,,$0.00,ORKA_LOGO_enhanced.png (https://v5.airtableusercontent.com/v3/u/53/53/1778220000000/ILqnowrtgrmnx9g2GMc0GQ/YaVO1dzNMTTXco_tx53eNSRL-OxKHWwuLY73wQ87Ojmk4q08FJGWbPsTaEj85EcZc8834rCcFz18i7fO28a8NvwVZnJb-edvOsLgGAFswtQESKyuVOAW6jYQf1Wo1p2duj7PO7m1Rdlb1QB9vVJ4zvR73V5xu3DMB_OboijzbaY/R33hz2mzIrq4cm8us2OSDVpGu9gzmM0oVyuMCnyyLYQ),,,Non active,Unnamed record
OSEGUERA,24 Hrs,,$10000.00,OSEGUERA,,,$0.00,ORKA_LOGO_enhanced.png (https://v5.airtableusercontent.com/v3/u/53/53/1778220000000/ILqnowrtgrmnx9g2GMc0GQ/YaVO1dzNMTTXco_tx53eNSRL-OxKHWwuLY73wQ87Ojmk4q08FJGWbPsTaEj85EcZc8834rCcFz18i7fO28a8NvwVZnJb-edvOsLgGAFswtQESKyuVOAW6jYQf1Wo1p2duj7PO7m1Rdlb1QB9vVJ4zvR73V5xu3DMB_OboijzbaY/R33hz2mzIrq4cm8us2OSDVpGu9gzmM0oVyuMCnyyLYQ),,,Non active,Unnamed record
PEPE ENERGY,24 Hrs,,$10000.00,PEPE ENERGY,,,$0.00,ORKA_LOGO_enhanced.png (https://v5.airtableusercontent.com/v3/u/53/53/1778220000000/ILqnowrtgrmnx9g2GMc0GQ/YaVO1dzNMTTXco_tx53eNSRL-OxKHWwuLY73wQ87Ojmk4q08FJGWbPsTaEj85EcZc8834rCcFz18i7fO28a8NvwVZnJb-edvOsLgGAFswtQESKyuVOAW6jYQf1Wo1p2duj7PO7m1Rdlb1QB9vVJ4zvR73V5xu3DMB_OboijzbaY/R33hz2mzIrq4cm8us2OSDVpGu9gzmM0oVyuMCnyyLYQ),,,Non active,Unnamed record
PETRODIESEL,24 Hrs,,$10000.00,PETRODIESEL,,,$0.00,ORKA_LOGO_enhanced.png (https://v5.airtableusercontent.com/v3/u/53/53/1778220000000/ILqnowrtgrmnx9g2GMc0GQ/YaVO1dzNMTTXco_tx53eNSRL-OxKHWwuLY73wQ87Ojmk4q08FJGWbPsTaEj85EcZc8834rCcFz18i7fO28a8NvwVZnJb-edvOsLgGAFswtQESKyuVOAW6jYQf1Wo1p2duj7PO7m1Rdlb1QB9vVJ4zvR73V5xu3DMB_OboijzbaY/R33hz2mzIrq4cm8us2OSDVpGu9gzmM0oVyuMCnyyLYQ),,,Non active,Unnamed record
PETROLAND,24 Hrs,,$10000.00,PETROLAND,,,$0.00,ORKA_LOGO_enhanced.png (https://v5.airtableusercontent.com/v3/u/53/53/1778220000000/ILqnowrtgrmnx9g2GMc0GQ/YaVO1dzNMTTXco_tx53eNSRL-OxKHWwuLY73wQ87Ojmk4q08FJGWbPsTaEj85EcZc8834rCcFz18i7fO28a8NvwVZnJb-edvOsLgGAFswtQESKyuVOAW6jYQf1Wo1p2duj7PO7m1Rdlb1QB9vVJ4zvR73V5xu3DMB_OboijzbaY/R33hz2mzIrq4cm8us2OSDVpGu9gzmM0oVyuMCnyyLYQ),,,Non active,Unnamed record
PETROLAND (OLD),24 Hrs,,$10000.00,PETROLAND (OLD),,,$0.00,ORKA_LOGO_enhanced.png (https://v5.airtableusercontent.com/v3/u/53/53/1778220000000/ILqnowrtgrmnx9g2GMc0GQ/YaVO1dzNMTTXco_tx53eNSRL-OxKHWwuLY73wQ87Ojmk4q08FJGWbPsTaEj85EcZc8834rCcFz18i7fO28a8NvwVZnJb-edvOsLgGAFswtQESKyuVOAW6jYQf1Wo1p2duj7PO7m1Rdlb1QB9vVJ4zvR73V5xu3DMB_OboijzbaY/R33hz2mzIrq4cm8us2OSDVpGu9gzmM0oVyuMCnyyLYQ),,,Non active,Unnamed record
PG ENERGY,24 Hrs,,$10000.00,PG ENERGY,,,$0.00,ORKA_LOGO_enhanced.png (https://v5.airtableusercontent.com/v3/u/53/53/1778220000000/ILqnowrtgrmnx9g2GMc0GQ/YaVO1dzNMTTXco_tx53eNSRL-OxKHWwuLY73wQ87Ojmk4q08FJGWbPsTaEj85EcZc8834rCcFz18i7fO28a8NvwVZnJb-edvOsLgGAFswtQESKyuVOAW6jYQf1Wo1p2duj7PO7m1Rdlb1QB9vVJ4zvR73V5xu3DMB_OboijzbaY/R33hz2mzIrq4cm8us2OSDVpGu9gzmM0oVyuMCnyyLYQ),,,Non active,Unnamed record
POLO,24 Hrs,,$10000.00,POLO,,,$0.00,ORKA_LOGO_enhanced.png (https://v5.airtableusercontent.com/v3/u/53/53/1778220000000/ILqnowrtgrmnx9g2GMc0GQ/YaVO1dzNMTTXco_tx53eNSRL-OxKHWwuLY73wQ87Ojmk4q08FJGWbPsTaEj85EcZc8834rCcFz18i7fO28a8NvwVZnJb-edvOsLgGAFswtQESKyuVOAW6jYQf1Wo1p2duj7PO7m1Rdlb1QB9vVJ4zvR73V5xu3DMB_OboijzbaY/R33hz2mzIrq4cm8us2OSDVpGu9gzmM0oVyuMCnyyLYQ),,,Non active,Unnamed record
PROKSOL,24 Hrs,,$10000.00,PROKSOL,,,$0.00,ORKA_LOGO_enhanced.png (https://v5.airtableusercontent.com/v3/u/53/53/1778220000000/ILqnowrtgrmnx9g2GMc0GQ/YaVO1dzNMTTXco_tx53eNSRL-OxKHWwuLY73wQ87Ojmk4q08FJGWbPsTaEj85EcZc8834rCcFz18i7fO28a8NvwVZnJb-edvOsLgGAFswtQESKyuVOAW6jYQf1Wo1p2duj7PO7m1Rdlb1QB9vVJ4zvR73V5xu3DMB_OboijzbaY/R33hz2mzIrq4cm8us2OSDVpGu9gzmM0oVyuMCnyyLYQ),,,Non active,Unnamed record
QUASAR,24 Hrs,,$10000.00,QUASAR,,,$0.00,ORKA_LOGO_enhanced.png (https://v5.airtableusercontent.com/v3/u/53/53/1778220000000/ILqnowrtgrmnx9g2GMc0GQ/YaVO1dzNMTTXco_tx53eNSRL-OxKHWwuLY73wQ87Ojmk4q08FJGWbPsTaEj85EcZc8834rCcFz18i7fO28a8NvwVZnJb-edvOsLgGAFswtQESKyuVOAW6jYQf1Wo1p2duj7PO7m1Rdlb1QB9vVJ4zvR73V5xu3DMB_OboijzbaY/R33hz2mzIrq4cm8us2OSDVpGu9gzmM0oVyuMCnyyLYQ),,,Non active,Unnamed record
RIDE ON TIME,24 Hrs,,$10000.00,RIDE ON TIME,,,$0.00,ORKA_LOGO_enhanced.png (https://v5.airtableusercontent.com/v3/u/53/53/1778220000000/ILqnowrtgrmnx9g2GMc0GQ/YaVO1dzNMTTXco_tx53eNSRL-OxKHWwuLY73wQ87Ojmk4q08FJGWbPsTaEj85EcZc8834rCcFz18i7fO28a8NvwVZnJb-edvOsLgGAFswtQESKyuVOAW6jYQf1Wo1p2duj7PO7m1Rdlb1QB9vVJ4zvR73V5xu3DMB_OboijzbaY/R33hz2mzIrq4cm8us2OSDVpGu9gzmM0oVyuMCnyyLYQ),,,Non active,Unnamed record
RIO GRANDE ENERGY,24 Hrs,,$10000.00,RIO GRANDE ENERGY,,,$0.00,ORKA_LOGO_enhanced.png (https://v5.airtableusercontent.com/v3/u/53/53/1778220000000/ILqnowrtgrmnx9g2GMc0GQ/YaVO1dzNMTTXco_tx53eNSRL-OxKHWwuLY73wQ87Ojmk4q08FJGWbPsTaEj85EcZc8834rCcFz18i7fO28a8NvwVZnJb-edvOsLgGAFswtQESKyuVOAW6jYQf1Wo1p2duj7PO7m1Rdlb1QB9vVJ4zvR73V5xu3DMB_OboijzbaY/R33hz2mzIrq4cm8us2OSDVpGu9gzmM0oVyuMCnyyLYQ),,,Non active,Unnamed record
RUO,24 Hrs,,$10000.00,RUO,,,$0.00,ORKA_LOGO_enhanced.png (https://v5.airtableusercontent.com/v3/u/53/53/1778220000000/ILqnowrtgrmnx9g2GMc0GQ/YaVO1dzNMTTXco_tx53eNSRL-OxKHWwuLY73wQ87Ojmk4q08FJGWbPsTaEj85EcZc8834rCcFz18i7fO28a8NvwVZnJb-edvOsLgGAFswtQESKyuVOAW6jYQf1Wo1p2duj7PO7m1Rdlb1QB9vVJ4zvR73V5xu3DMB_OboijzbaY/R33hz2mzIrq4cm8us2OSDVpGu9gzmM0oVyuMCnyyLYQ),,,Non active,Unnamed record
SINAMEIN,24 Hrs,,$10000.00,SINAMEIN,,,$0.00,ORKA_LOGO_enhanced.png (https://v5.airtableusercontent.com/v3/u/53/53/1778220000000/ILqnowrtgrmnx9g2GMc0GQ/YaVO1dzNMTTXco_tx53eNSRL-OxKHWwuLY73wQ87Ojmk4q08FJGWbPsTaEj85EcZc8834rCcFz18i7fO28a8NvwVZnJb-edvOsLgGAFswtQESKyuVOAW6jYQf1Wo1p2duj7PO7m1Rdlb1QB9vVJ4zvR73V5xu3DMB_OboijzbaY/R33hz2mzIrq4cm8us2OSDVpGu9gzmM0oVyuMCnyyLYQ),,,Non active,Unnamed record
SOMOS,24 Hrs,,$10000.00,SOMOS,,,$0.00,ORKA_LOGO_enhanced.png (https://v5.airtableusercontent.com/v3/u/53/53/1778220000000/ILqnowrtgrmnx9g2GMc0GQ/YaVO1dzNMTTXco_tx53eNSRL-OxKHWwuLY73wQ87Ojmk4q08FJGWbPsTaEj85EcZc8834rCcFz18i7fO28a8NvwVZnJb-edvOsLgGAFswtQESKyuVOAW6jYQf1Wo1p2duj7PO7m1Rdlb1QB9vVJ4zvR73V5xu3DMB_OboijzbaY/R33hz2mzIrq4cm8us2OSDVpGu9gzmM0oVyuMCnyyLYQ),,,Non active,Unnamed record
STN,24 Hrs,,$10000.00,STN,,,$0.00,ORKA_LOGO_enhanced.png (https://v5.airtableusercontent.com/v3/u/53/53/1778220000000/ILqnowrtgrmnx9g2GMc0GQ/YaVO1dzNMTTXco_tx53eNSRL-OxKHWwuLY73wQ87Ojmk4q08FJGWbPsTaEj85EcZc8834rCcFz18i7fO28a8NvwVZnJb-edvOsLgGAFswtQESKyuVOAW6jYQf1Wo1p2duj7PO7m1Rdlb1QB9vVJ4zvR73V5xu3DMB_OboijzbaY/R33hz2mzIrq4cm8us2OSDVpGu9gzmM0oVyuMCnyyLYQ),,,Non active,Unnamed record
SUPRA,24 Hrs,,$10000.00,SUPRA,,,$0.00,ORKA_LOGO_enhanced.png (https://v5.airtableusercontent.com/v3/u/53/53/1778220000000/ILqnowrtgrmnx9g2GMc0GQ/YaVO1dzNMTTXco_tx53eNSRL-OxKHWwuLY73wQ87Ojmk4q08FJGWbPsTaEj85EcZc8834rCcFz18i7fO28a8NvwVZnJb-edvOsLgGAFswtQESKyuVOAW6jYQf1Wo1p2duj7PO7m1Rdlb1QB9vVJ4zvR73V5xu3DMB_OboijzbaY/R33hz2mzIrq4cm8us2OSDVpGu9gzmM0oVyuMCnyyLYQ),,,Non active,Unnamed record
TARGA,24 Hrs,,$10000.00,TARGA,,,$0.00,ORKA_LOGO_enhanced.png (https://v5.airtableusercontent.com/v3/u/53/53/1778220000000/ILqnowrtgrmnx9g2GMc0GQ/YaVO1dzNMTTXco_tx53eNSRL-OxKHWwuLY73wQ87Ojmk4q08FJGWbPsTaEj85EcZc8834rCcFz18i7fO28a8NvwVZnJb-edvOsLgGAFswtQESKyuVOAW6jYQf1Wo1p2duj7PO7m1Rdlb1QB9vVJ4zvR73V5xu3DMB_OboijzbaY/R33hz2mzIrq4cm8us2OSDVpGu9gzmM0oVyuMCnyyLYQ),,,Non active,Unnamed record
TEXAS INT (OLD),24 Hrs,,$10000.00,TEXAS INT (OLD),,,$0.00,ORKA_LOGO_enhanced.png (https://v5.airtableusercontent.com/v3/u/53/53/1778220000000/ILqnowrtgrmnx9g2GMc0GQ/YaVO1dzNMTTXco_tx53eNSRL-OxKHWwuLY73wQ87Ojmk4q08FJGWbPsTaEj85EcZc8834rCcFz18i7fO28a8NvwVZnJb-edvOsLgGAFswtQESKyuVOAW6jYQf1Wo1p2duj7PO7m1Rdlb1QB9vVJ4zvR73V5xu3DMB_OboijzbaY/R33hz2mzIrq4cm8us2OSDVpGu9gzmM0oVyuMCnyyLYQ),,,Non active,Unnamed record
TKC ENVIRO,24 Hrs,,$10000.00,TKC ENVIRO,,,$0.00,ORKA_LOGO_enhanced.png (https://v5.airtableusercontent.com/v3/u/53/53/1778220000000/ILqnowrtgrmnx9g2GMc0GQ/YaVO1dzNMTTXco_tx53eNSRL-OxKHWwuLY73wQ87Ojmk4q08FJGWbPsTaEj85EcZc8834rCcFz18i7fO28a8NvwVZnJb-edvOsLgGAFswtQESKyuVOAW6jYQf1Wo1p2duj7PO7m1Rdlb1QB9vVJ4zvR73V5xu3DMB_OboijzbaY/R33hz2mzIrq4cm8us2OSDVpGu9gzmM0oVyuMCnyyLYQ),,,Non active,Unnamed record
TKC ENVIRON,24 Hrs,,$10000.00,TKC ENVIRON,,,$0.00,ORKA_LOGO_enhanced.png (https://v5.airtableusercontent.com/v3/u/53/53/1778220000000/ILqnowrtgrmnx9g2GMc0GQ/YaVO1dzNMTTXco_tx53eNSRL-OxKHWwuLY73wQ87Ojmk4q08FJGWbPsTaEj85EcZc8834rCcFz18i7fO28a8NvwVZnJb-edvOsLgGAFswtQESKyuVOAW6jYQf1Wo1p2duj7PO7m1Rdlb1QB9vVJ4zvR73V5xu3DMB_OboijzbaY/R33hz2mzIrq4cm8us2OSDVpGu9gzmM0oVyuMCnyyLYQ),,,Non active,Unnamed record
TNL,24 Hrs,,$10000.00,TNL,,,$0.00,ORKA_LOGO_enhanced.png (https://v5.airtableusercontent.com/v3/u/53/53/1778220000000/ILqnowrtgrmnx9g2GMc0GQ/YaVO1dzNMTTXco_tx53eNSRL-OxKHWwuLY73wQ87Ojmk4q08FJGWbPsTaEj85EcZc8834rCcFz18i7fO28a8NvwVZnJb-edvOsLgGAFswtQESKyuVOAW6jYQf1Wo1p2duj7PO7m1Rdlb1QB9vVJ4zvR73V5xu3DMB_OboijzbaY/R33hz2mzIrq4cm8us2OSDVpGu9gzmM0oVyuMCnyyLYQ),,,Non active,Unnamed record
TOP NORTH,24 Hrs,,$10000.00,TOP NORTH,,,$0.00,ORKA_LOGO_enhanced.png (https://v5.airtableusercontent.com/v3/u/53/53/1778220000000/ILqnowrtgrmnx9g2GMc0GQ/YaVO1dzNMTTXco_tx53eNSRL-OxKHWwuLY73wQ87Ojmk4q08FJGWbPsTaEj85EcZc8834rCcFz18i7fO28a8NvwVZnJb-edvOsLgGAFswtQESKyuVOAW6jYQf1Wo1p2duj7PO7m1Rdlb1QB9vVJ4zvR73V5xu3DMB_OboijzbaY/R33hz2mzIrq4cm8us2OSDVpGu9gzmM0oVyuMCnyyLYQ),,,Non active,Unnamed record
TRAZZO,24 Hrs,,$10000.00,TRAZZO,,,$0.00,ORKA_LOGO_enhanced.png (https://v5.airtableusercontent.com/v3/u/53/53/1778220000000/ILqnowrtgrmnx9g2GMc0GQ/YaVO1dzNMTTXco_tx53eNSRL-OxKHWwuLY73wQ87Ojmk4q08FJGWbPsTaEj85EcZc8834rCcFz18i7fO28a8NvwVZnJb-edvOsLgGAFswtQESKyuVOAW6jYQf1Wo1p2duj7PO7m1Rdlb1QB9vVJ4zvR73V5xu3DMB_OboijzbaY/R33hz2mzIrq4cm8us2OSDVpGu9gzmM0oVyuMCnyyLYQ),,,Non active,Unnamed record
TRITON,24 Hrs,,$10000.00,TRITON,,,$0.00,ORKA_LOGO_enhanced.png (https://v5.airtableusercontent.com/v3/u/53/53/1778220000000/ILqnowrtgrmnx9g2GMc0GQ/YaVO1dzNMTTXco_tx53eNSRL-OxKHWwuLY73wQ87Ojmk4q08FJGWbPsTaEj85EcZc8834rCcFz18i7fO28a8NvwVZnJb-edvOsLgGAFswtQESKyuVOAW6jYQf1Wo1p2duj7PO7m1Rdlb1QB9vVJ4zvR73V5xu3DMB_OboijzbaY/R33hz2mzIrq4cm8us2OSDVpGu9gzmM0oVyuMCnyyLYQ),,,Non active,Unnamed record
ZONA SUR,24 Hrs,,$10000.00,ZONA SUR,,,$0.00,ORKA_LOGO_enhanced.png (https://v5.airtableusercontent.com/v3/u/53/53/1778220000000/ILqnowrtgrmnx9g2GMc0GQ/YaVO1dzNMTTXco_tx53eNSRL-OxKHWwuLY73wQ87Ojmk4q08FJGWbPsTaEj85EcZc8834rCcFz18i7fO28a8NvwVZnJb-edvOsLgGAFswtQESKyuVOAW6jYQf1Wo1p2duj7PO7m1Rdlb1QB9vVJ4zvR73V5xu3DMB_OboijzbaY/R33hz2mzIrq4cm8us2OSDVpGu9gzmM0oVyuMCnyyLYQ),,,Non active,Unnamed record
MTY,24 Hrs,,$10000.00,MTY,,,$0.00,ORKA_LOGO_enhanced.png (https://v5.airtableusercontent.com/v3/u/53/53/1778220000000/ILqnowrtgrmnx9g2GMc0GQ/YaVO1dzNMTTXco_tx53eNSRL-OxKHWwuLY73wQ87Ojmk4q08FJGWbPsTaEj85EcZc8834rCcFz18i7fO28a8NvwVZnJb-edvOsLgGAFswtQESKyuVOAW6jYQf1Wo1p2duj7PO7m1Rdlb1QB9vVJ4zvR73V5xu3DMB_OboijzbaY/R33hz2mzIrq4cm8us2OSDVpGu9gzmM0oVyuMCnyyLYQ),,,Non active,Unnamed record
ROMULO ENERGY,24 Hrs,,$10000.00,ROMULO ENERGY,,,$0.00,ORKA_LOGO_enhanced.png (https://v5.airtableusercontent.com/v3/u/53/53/1778220000000/ILqnowrtgrmnx9g2GMc0GQ/YaVO1dzNMTTXco_tx53eNSRL-OxKHWwuLY73wQ87Ojmk4q08FJGWbPsTaEj85EcZc8834rCcFz18i7fO28a8NvwVZnJb-edvOsLgGAFswtQESKyuVOAW6jYQf1Wo1p2duj7PO7m1Rdlb1QB9vVJ4zvR73V5xu3DMB_OboijzbaY/R33hz2mzIrq4cm8us2OSDVpGu9gzmM0oVyuMCnyyLYQ),,,Non active,Unnamed record
ALEXIS,48 Hrs,,$10000.00,ALEXIS,,,$0.00,ORKA_LOGO_enhanced.png (https://v5.airtableusercontent.com/v3/u/53/53/1778220000000/ILqnowrtgrmnx9g2GMc0GQ/YaVO1dzNMTTXco_tx53eNSRL-OxKHWwuLY73wQ87Ojmk4q08FJGWbPsTaEj85EcZc8834rCcFz18i7fO28a8NvwVZnJb-edvOsLgGAFswtQESKyuVOAW6jYQf1Wo1p2duj7PO7m1Rdlb1QB9vVJ4zvR73V5xu3DMB_OboijzbaY/R33hz2mzIrq4cm8us2OSDVpGu9gzmM0oVyuMCnyyLYQ),,,Non active,Unnamed record
"IMPERIUM
  OSUNA",Credit,,$10000.00,IMPERIUM OSUNA,,,$0.00,ORKA_LOGO_enhanced.png (https://v5.airtableusercontent.com/v3/u/53/53/1778220000000/ILqnowrtgrmnx9g2GMc0GQ/YaVO1dzNMTTXco_tx53eNSRL-OxKHWwuLY73wQ87Ojmk4q08FJGWbPsTaEj85EcZc8834rCcFz18i7fO28a8NvwVZnJb-edvOsLgGAFswtQESKyuVOAW6jYQf1Wo1p2duj7PO7m1Rdlb1QB9vVJ4zvR73V5xu3DMB_OboijzbaY/R33hz2mzIrq4cm8us2OSDVpGu9gzmM0oVyuMCnyyLYQ),,,Non active,Unnamed record
DELGADO ENERGY,Credit,,$10000.00,DELGADO ENERGY,,,$0.00,ORKA_LOGO_enhanced.png (https://v5.airtableusercontent.com/v3/u/53/53/1778220000000/ILqnowrtgrmnx9g2GMc0GQ/YaVO1dzNMTTXco_tx53eNSRL-OxKHWwuLY73wQ87Ojmk4q08FJGWbPsTaEj85EcZc8834rCcFz18i7fO28a8NvwVZnJb-edvOsLgGAFswtQESKyuVOAW6jYQf1Wo1p2duj7PO7m1Rdlb1QB9vVJ4zvR73V5xu3DMB_OboijzbaY/R33hz2mzIrq4cm8us2OSDVpGu9gzmM0oVyuMCnyyLYQ),,,Non active,Unnamed record
ANI TRANSPORT INC,,,,ANI TRANSPORT INC,,,$0.00,rSopuc0C4vJ6Wfd0DJs1nWJV9S4ZGV9GEyOkfRRbO3M.png (https://v5.airtableusercontent.com/v3/u/53/53/1778220000000/HxQsYUuc-LtQ8zH_J4UqjA/z2wi8jk8n9s0DmpVOPZxSuVpMGCx06lk9Ff8PjwUE-9xjVufchIzMLKrYu3gmy8MVswNF-PET0KpdhsG4TL0JsDDfZgbq5iybS6UGvUNnJceiFGUjHQec39MXyULchAboT70CZ7MeWwKfPgUiFxC52lB1aVjVjScTSYXJcLoUsKFSkhsymsRRA-YCLgk3J9RHYUBvGUvGDmoQmflvSAJgw/bwAAXeIyi-kNRlNzwAVdQRnKSyopzPXPR1G6PB_jljc),,,Vendor,Unnamed record
SOUTH TEXAS FUEL,,,,SOUTH TEXAS FUEL,,,$0.00,STF.jpg (https://v5.airtableusercontent.com/v3/u/53/53/1778220000000/h2tqQJhu3_87g92n7QeuYQ/UEntoeVFtT0M4O53B7PN3YRU5SeX5poPK5_aAuksSrIdEkuymq0QYxBQJVdoG4hUVHpqDQjwPME6tO969rZPQUS6crEcHet6v8jak7QfAB2OFm15FB7oGC0Irwjx_w5sfewuE-sNvyRIkpBjt_EKUg/QYiBQ-0_alepELSLzKB-GYW7D0tGG0J3MH0wdUBqhVI),,,Freight,Unnamed record
KEMLO,,,,KEMLO,,,$0.00,ORKA_LOGO_enhanced.png (https://v5.airtableusercontent.com/v3/u/53/53/1778220000000/ILqnowrtgrmnx9g2GMc0GQ/YaVO1dzNMTTXco_tx53eNSRL-OxKHWwuLY73wQ87Ojmk4q08FJGWbPsTaEj85EcZc8834rCcFz18i7fO28a8NvwVZnJb-edvOsLgGAFswtQESKyuVOAW6jYQf1Wo1p2duj7PO7m1Rdlb1QB9vVJ4zvR73V5xu3DMB_OboijzbaY/R33hz2mzIrq4cm8us2OSDVpGu9gzmM0oVyuMCnyyLYQ),,,Freight,Unnamed record