year,month,DATE,VENDOR, PAYMENT , ADJUSTMENT ,Balanced Link,Attachments,Notas
2023,AGO,2023-08-25,LUMEN,-$9000.00,,LUMEN,,
2023,AGO,2023-08-29,LETZ GO,-$4500.00,,LETZ GO,,
2023,SEP,2023-09-01,PBR,-$1600.00,,PBR,,
2023,SEP,2023-09-05,RIDE ON TIME,-$9000.00,,RIDE ON TIME,,
2023,SEP,2023-09-06,LETZ GO,-$22500.00,,LETZ GO,,
2023,SEP,2023-09-06,LUMEN,-$5800.00,,LUMEN,,
2023,SEP,2023-09-08,LETZ GO,-$6000.00,,LETZ GO,,
2023,SEP,2023-09-11,LETZ GO,-$7500.00,,LETZ GO,,
2023,SEP,2023-09-11,RIDE ON TIME,-$15000.00,,RIDE ON TIME,,
2023,SEP,2023-09-13,LUMEN,-$10500.00,,LUMEN,,
2023,SEP,2023-09-13,LUMEN,-$3000.00,,LUMEN,,
2023,SEP,2023-09-14,PC,-$12000.00,,PC,,
2023,SEP,2023-09-20,LETZ GO,-$9000.00,,LETZ GO,,
2023,SEP,2023-09-21,RIDE ON TIME,-$15650.00,,RIDE ON TIME,,
2023,SEP,2023-09-26,RIDE ON TIME,-$15200.00,,RIDE ON TIME,,
2023,SEP,2023-09-27,LETZ GO,-$3400.00,,LETZ GO,,
2023,OCT,2023-10-03,RIDE ON TIME,-$10200.00,,RIDE ON TIME,,
2023,OCT,2023-10-03,LETZ GO,-$3000.00,,LETZ GO,,
2023,OCT,2023-10-04,RIDE ON TIME,-$14300.00,,RIDE ON TIME,,
2023,OCT,2023-10-10,RIDE ON TIME,-$28600.00,,RIDE ON TIME,,
2023,OCT,2023-10-11,LUMEN,-$6000.00,,LUMEN,,
2023,OCT,2023-10-13,RIDE ON TIME,-$13600.00,,RIDE ON TIME,,
2023,OCT,2023-10-13,RIDE ON TIME,-$44200.00,,RIDE ON TIME,,
2023,OCT,2023-10-20,LUMEN,-$3400.00,,LUMEN,,
2023,OCT,2023-10-23,RIDE ON TIME,-$6800.00,,RIDE ON TIME,,
2023,OCT,2023-10-25,RIDE ON TIME,-$36400.00,,RIDE ON TIME,,
2023,OCT,2023-10-25,RIDE ON TIME,-$5100.00,,RIDE ON TIME,,
2023,NOV,2023-11-01,RIDE ON TIME,-$53700.00,,RIDE ON TIME,,
2023,NOV,2023-11-01,RIDE ON TIME,-$21800.00,,RIDE ON TIME,,
2023,NOV,2023-11-02,LUMEN,-$1550.00,,LUMEN,,
2023,NOV,2023-11-08,RIDE ON TIME,-$59700.00,,RIDE ON TIME,,
2023,NOV,2023-11-08,RIDE ON TIME,-$4700.00,,RIDE ON TIME,,
2023,NOV,2023-11-15,RIDE ON TIME,-$38000.00,,RIDE ON TIME,,
2023,NOV,2023-11-24,RIDE ON TIME,-$7400.00,,RIDE ON TIME,,
2023,NOV,2023-11-24,RIDE ON TIME,-$39600.00,,RIDE ON TIME,,
2023,NOV,2023-11-28,RIDE ON TIME,-$43700.00,,RIDE ON TIME,,
2023,DEC,2023-12-05,PC,-$12900.00,,PC,,
2023,DEC,2023-12-05,RIDE ON TIME,-$71900.00,,RIDE ON TIME,,
2023,DEC,2023-12-07,RIDE ON TIME,-$21400.00,,RIDE ON TIME,,
2023,DEC,2023-12-13,RIDE ON TIME,-$62600.00,,RIDE ON TIME,,
2023,DEC,2023-12-13,RIDE ON TIME,-$14900.00,,RIDE ON TIME,,
2023,DEC,2023-12-13,RIDE ON TIME,-$16900.00,,RIDE ON TIME,,
2023,DEC,2023-12-19,PBR,-$22200.00,,PBR,,
2023,DEC,2023-12-19,ONE FIVE,-$14400.00,,ONE FIVE,,
2023,DEC,2023-12-19,RIDE ON TIME,-$35000.00,,RIDE ON TIME,,
2023,DEC,2023-12-22,RIDE ON TIME,-$11700.00,,RIDE ON TIME,,
2023,DEC,2023-12-28,PBR,-$17300.00,,PBR,,
2023,DEC,2023-12-28,ONE FIVE,-$23100.00,,ONE FIVE,,
2023,DEC,2023-12-29,RIDE ON TIME,-$61600.00,,RIDE ON TIME,,
2023,DEC,2023-12-29,LUMEN,-$7000.00,,LUMEN,,
2024,JAN,2024-01-04,RIDE ON TIME,-$42300.00,,RIDE ON TIME,,
2024,JAN,2024-01-04,ONE FIVE,-$13700.00,,ONE FIVE,,
2024,JAN,2024-01-04,PBR,-$11200.00,,PBR,,
2024,JAN,2024-01-05,LUMEN,-$1500.00,,LUMEN,,
2024,JAN,2024-01-10,RIDE ON TIME,-$60900.00,,RIDE ON TIME,,
2024,JAN,2024-01-10,PBR,-$13800.00,,PBR,,
2024,JAN,2024-01-10,ONE FIVE,-$19800.00,,ONE FIVE,,
2024,JAN,2024-01-10,FIMS,-$3000.00,,FIMS,,
2024,JAN,2024-01-18,RIDE ON TIME,-$63300.00,,RIDE ON TIME,,
2024,JAN,2024-01-18,PBR,-$14300.00,,PBR,,
2024,JAN,2024-01-18,UNITED,-$11850.00,,UNITED,,
2024,JAN,2024-01-18,ONE FIVE,-$30800.00,,ONE FIVE,,
2024,JAN,2024-01-18,FIMS,-$5000.00,,FIMS,,
2024,JAN,2024-01-24,PBR,-$9400.00,,PBR,,
2024,JAN,2024-01-24,LOGISTICS,-$30300.00,,LOGISTICS,,
2024,JAN,2024-01-24,RIDE ON TIME,-$6600.00,,RIDE ON TIME,,
2024,JAN,2024-01-24,BTO,-$6000.00,,BTO,,
2024,JAN,2024-01-24,ONE FIVE,-$29400.00,,ONE FIVE,,
2024,JAN,2024-01-30,ONE FIVE,-$28600.00,,ONE FIVE,,
2024,JAN,2024-01-30,LETZ GO,-$19300.00,,LETZ GO,,
2024,JAN,2024-01-30,PBR,-$4600.00,,PBR,,
2024,JAN,2024-01-30,BTO,-$6600.00,,BTO,,
2024,JAN,2024-01-30,RIDE ON TIME,-$2300.00,,RIDE ON TIME,,
2024,JAN,2024-01-30,DRACO,-$3800.00,,DRACO,,
2024,JAN,2024-01-30,LOGISTICS,-$55700.00,,LOGISTICS,,
2024,FEB,2024-02-06,LOGISTICS,-$85100.00,,LOGISTICS,,
2024,FEB,2024-02-06,ONE FIVE,-$36250.00,,ONE FIVE,,
2024,FEB,2024-02-06,BTO,-$9000.00,,BTO,,
2024,FEB,2024-02-06,PBR,-$10900.00,,PBR,,
2024,FEB,2024-02-07,LETZ GO,-$46100.00,,LETZ GO,,
2024,FEB,2024-02-14,PBR,-$15650.00,,PBR,,
2024,FEB,2024-02-14,ONE FIVE,-$24750.00,,ONE FIVE,,
2024,FEB,2024-02-14,UNITED,-$54750.00,,UNITED,,
2024,FEB,2024-02-14,BTO,-$6600.00,,BTO,,
2024,FEB,2024-02-14,LETZ GO,-$38500.00,,LETZ GO,,
2024,FEB,2024-02-14,LOGISTICS,-$85000.00,,LOGISTICS,,
2024,FEB,2024-02-14,DRACO,-$10200.00,,DRACO,,
2024,FEB,2024-02-14,LETZ GO,-$10500.00,,LETZ GO,,
2024,FEB,2024-02-20,DRACO,-$16800.00,,DRACO,,
2024,FEB,2024-02-20,ONE FIVE,-$41850.00,,ONE FIVE,,
2024,FEB,2024-02-20,BTO,-$8450.00,,BTO,,
2024,FEB,2024-02-20,PBR,-$15250.00,,PBR,,
2024,FEB,2024-02-20,LOGISTICS,-$106200.00,,LOGISTICS,,
2024,FEB,2024-02-20,LETZ GO,-$50850.00,,LETZ GO,,
2024,FEB,2024-02-26,UNITED,-$15900.00,,UNITED,,
2024,FEB,2024-02-28,LETZ GO,-$21450.00,,LETZ GO,,
2024,FEB,2024-02-28,RHINO,-$22650.00,,RHINO,,
2024,FEB,2024-02-28,BTO,-$6800.00,,BTO,,
2024,FEB,2024-02-28,ONE FIVE,-$24750.00,,ONE FIVE,,
2024,FEB,2024-02-28,PBR,-$22050.00,,PBR,,
2024,FEB,2024-02-28,DRACO,-$33000.00,,DRACO,,
2024,FEB,2024-02-28,LOGISTICS,-$100900.00,,LOGISTICS,,
2024,FEB,2024-02-29,ONE FIVE,-$12950.00,,ONE FIVE,,
2024,MAR,2024-03-06,BTO,-$8450.00,,BTO,,
2024,MAR,2024-03-06,DRACO,-$52800.00,,DRACO,,
2024,MAR,2024-03-06,ENTERPRISE,-$72206.00,,ENTERPRISE,,
2024,MAR,2024-03-06,ONE FIVE,-$41450.00,,ONE FIVE,,
2024,MAR,2024-03-06,LOGISTICS,-$100600.00,,LOGISTICS,,
2024,MAR,2024-03-06,PBR,-$16900.00,,PBR,,
2024,MAR,2024-03-06,RHINO,-$26400.00,,RHINO,,
2024,MAR,2024-03-13,ONE FIVE,-$30950.00,,ONE FIVE,,
2024,MAR,2024-03-13,DRACO,-$46250.00,,DRACO,,
2024,MAR,2024-03-13,LOGISTICS,-$83250.00,,LOGISTICS,,
2024,MAR,2024-03-13,BTO,-$9900.00,,BTO,,
2024,MAR,2024-03-13,UNITED,-$33450.00,,UNITED,,
2024,MAR,2024-03-13,RHINO,-$22650.00,,RHINO,,
2024,MAR,2024-03-13,PBR,-$10300.00,,PBR,,
2024,MAR,2024-03-19,ENTERPRISE,-$108000.00,,ENTERPRISE,,
2024,MAR,2024-03-20,PBR,-$5350.00,,PBR,,
2024,MAR,2024-03-20,DRACO,-$55550.00,,DRACO,,
2024,MAR,2024-03-20,BTO,-$16650.00,,BTO,,
2024,MAR,2024-03-20,LOGISTICS,-$88000.00,,LOGISTICS,,
2024,MAR,2024-03-20,RHINO,-$22650.00,,RHINO,,
2024,MAR,2024-03-20,XELA,-$3900.00,,XELA,,
2024,MAR,2024-03-20,ONE FIVE,-$33150.00,,ONE FIVE,,
2024,MAR,2024-03-20,KWW,-$9900.00,,KWW,,
2024,MAR,2024-03-26,UNITED,-$24850.00,,UNITED,,
2024,MAR,2024-03-27,LOGISTICS,-$67500.00,,LOGISTICS,,
2024,MAR,2024-03-27,PBR,-$14050.00,,PBR,,
2024,MAR,2024-03-27,ONE FIVE,-$30850.00,,ONE FIVE,,
2024,MAR,2024-03-27,RHINO,-$18600.00,,RHINO,,
2024,MAR,2024-03-27,DRACO,-$44050.00,,DRACO,,
2024,MAR,2024-03-27,BTO,-$13500.00,,BTO,,
2024,APR,2024-04-03,RHINO,-$25500.00,,RHINO,,
2024,APR,2024-04-03,ONE FIVE,-$14050.00,,ONE FIVE,,
2024,APR,2024-04-03,PBR,-$7200.00,,PBR,,
2024,APR,2024-04-03,LOGISTICS,-$40800.00,,LOGISTICS,,
2024,APR,2024-04-03,BTO,-$7200.00,,BTO,,
2024,APR,2024-04-05,ENTERPRISE,-$50000.00,,ENTERPRISE,,
2024,APR,2024-04-15,BTO,,-$3300.00,BTO,,
2024,APR,2024-04-15,LOGISTICS,,-$40700.00,LOGISTICS,,
2024,APR,2024-04-15,BRAVE,,-$20850.00,BRAVE,,
2024,APR,2024-04-15,DRACO,,-$21900.00,DRACO,,
2024,APR,2024-04-15,JAR,,-$3300.00,JAR (freight),,
2024,APR,2024-04-15,ONE FIVE,,-$25050.00,ONE FIVE,,
2024,APR,2024-04-15,PBR,,-$7400.00,PBR,,
2024,APR,2024-04-17,RHINO,,-$19500.00,RHINO,,
2024,APR,2024-04-17,RIVAMA,-$1950.00,,RIVAMA,,
2024,APR,2024-04-18,RHINO,,-$25350.00,RHINO,,
2024,APR,2024-04-18,ONE FIVE,,-$22450.00,ONE FIVE,,
2024,APR,2024-04-18,LOGISTICS,,-$54600.00,LOGISTICS,,
2024,APR,2024-04-18,PBR,,-$9400.00,PBR,,
2024,APR,2024-04-18,BTO,,-$15600.00,BTO,,
2024,APR,2024-04-19,ENTERPRISE,-$38776.02,,ENTERPRISE,,
2024,APR,2024-04-25,ENTERPRISE,-$15235.03,,ENTERPRISE,,
2024,APR,2024-04-30,BRAVE,,-$7350.00,BRAVE,,
2024,APR,2024-04-30,JAR,,-$4900.00,JAR (freight),,
2024,APR,2024-04-30,ONE FIVE,,-$6850.00,ONE FIVE,,
2024,APR,2024-04-30,LOGISTICS,,-$11000.00,LOGISTICS,,
2024,APR,2024-04-30,KWW,,-$22000.00,KWW,,
2024,MAY,2024-05-01,LOGISTICS,-$35150.00,,LOGISTICS,,
2024,MAY,2024-05-10,ONE FIVE,-$3750.00,,ONE FIVE,,
2024,MAY,2024-05-10,DRACO,-$2219.80,,DRACO,,
2024,MAY,2024-05-10,LOGISTICS,-$58200.00,,LOGISTICS,,
2024,MAY,2024-05-10,BTO,-$3900.00,,BTO,,
2024,MAY,2024-05-10,PBR,-$4800.00,,PBR,,
2024,MAY,2024-05-14,KWW,-$8270.00,,KWW,,
2024,MAY,2024-05-20,BTO,-$12800.00,,BTO,,
2024,MAY,2024-05-20,BLUE FEATHER,-$3600.00,,BLUE FEATHER,,
2024,MAY,2024-05-20,KWW,-$16050.00,,KWW,,
2024,MAY,2024-05-20,LOGISTICS,-$32200.00,,LOGISTICS,,
2024,MAY,2024-05-20,ONE FIVE,-$3950.00,,ONE FIVE,,
2024,MAY,2024-05-23,AMIGO,-$1800.00,,,,
2024,MAY,2024-05-24,LOGISTICS,-$29150.00,,LOGISTICS,,
2024,MAY,2024-05-24,XELA,-$5850.00,,XELA,,
2024,MAY,2024-05-24,DRACO,-$7800.00,,DRACO,,
2024,MAY,2024-05-24,BTO,-$6400.00,,BTO,,
2024,MAY,2024-05-24,RIDE ON TIME,-$1950.00,,RIDE ON TIME,,
2024,MAY,2024-05-24,RHINO,-$9750.00,,RHINO,,
2024,MAY,2024-05-24,BLUE FEATHER,-$11400.00,,BLUE FEATHER,,
2024,MAY,2024-05-24,KWW,-$5100.00,,KWW,,
2024,MAY,2024-05-31,DRACO,-$19550.00,,DRACO,,
2024,MAY,2024-05-31,RHINO,-$13650.00,,RHINO,,
2024,MAY,2024-05-31,LOGISTICS,,-$51682.63,LOGISTICS,,
2024,MAY,2024-05-31,BTO,-$16500.00,,BTO,,
2024,MAY,2024-05-31,ONE FIVE,-$7800.00,,ONE FIVE,,
2024,MAY,2024-05-31,BLUE FEATHER,-$32300.00,,BLUE FEATHER,,
2024,JUN,2024-06-07,RHINO,-$15000.00,,RHINO,,
2024,JUN,2024-06-07,DRACO,-$3900.00,,DRACO,,
2024,JUN,2024-06-07,BRAVE,-$33500.00,,BRAVE,,
2024,JUN,2024-06-07,BTO,-$16000.00,,BTO,,
2024,JUN,2024-06-07,LOGISTICS,-$58500.00,,LOGISTICS,,
2024,JUN,2024-06-07,ONE FIVE,-$7500.00,,ONE FIVE,,
2024,JUN,2024-06-14,BTO,-$15050.00,,BTO,,
2024,JUN,2024-06-14,DRACO,-$10200.00,,DRACO,,
2024,JUN,2024-06-14,BLUE FEATHER,-$11000.00,,BLUE FEATHER,,
2024,JUN,2024-06-14,LOGISTICS,-$55400.00,,LOGISTICS,,
2024,JUN,2024-06-14,ONE FIVE,-$8250.00,,ONE FIVE,,
2024,JUN,2024-06-14,RIDE ON TIME,-$6500.00,,RIDE ON TIME,,
2024,JUN,2024-06-14,RHINO,-$20300.00,,RHINO,,
2024,JUN,2024-06-14,BRAVE,-$15550.00,,BRAVE,,
2024,JUN,2024-06-21,ONE FIVE,-$5850.00,,ONE FIVE,,
2024,JUN,2024-06-21,BLUE FEATHER,-$26850.00,,BLUE FEATHER,,
2024,JUN,2024-06-21,RHINO,-$19950.00,,RHINO,,
2024,JUN,2024-06-21,DRACO,-$6050.00,,DRACO,,
2024,JUN,2024-06-21,LOGISTICS,-$79150.00,,LOGISTICS,,
2024,JUN,2024-06-21,BTO,-$12500.00,,BTO,,
2024,JUN,2024-06-28,UNITED,-$31927.36,,UNITED,,
2024,JUL,2024-07-02,BLUE FEATHER,-$18750.00,,BLUE FEATHER,,
2024,JUL,2024-07-02,BRAVE,-$8250.00,$13350.00,BRAVE,,
2024,JUL,2024-07-02,RHINO,-$9450.00,,RHINO,,
2024,JUL,2024-07-02,PBR,-$6600.00,,PBR,,
2024,JUL,2024-07-02,BTO,-$7200.00,,BTO,,
2024,JUL,2024-07-02,LOGISTICS,-$54150.00,,LOGISTICS,,
2024,JUL,2024-07-02,ONE FIVE,-$5550.00,,ONE FIVE,,
2024,JUL,2024-07-16,ONE FIVE,-$13950.00,,ONE FIVE,,
2024,JUL,2024-07-16,BTO,-$4500.00,,BTO,,
2024,JUL,2024-07-16,LOGISTICS,-$51250.00,,LOGISTICS,,
2024,JUL,2024-07-16,UNITED,-$41331.87,,UNITED,,
2024,JUL,2024-07-16,RIDE ON TIME,-$4950.00,,RIDE ON TIME,,
2024,JUL,2024-07-16,BLUE FEATHER,-$3850.00,,BLUE FEATHER,,
2024,JUL,2024-07-16,ONE FIVE,-$4650.00,,ONE FIVE,,
2024,JUL,2024-07-16,RHINO,-$4800.00,,RHINO,,
2024,JUL,2024-07-26,PBR,-$12800.00,,PBR,,
2024,JUL,2024-07-26,LOGISTICS,-$55200.00,,LOGISTICS,,
2024,AGO,2024-08-05,ROCOS TRUCKING,-$8800.00,,,,
2024,AGO,2024-08-05,GARCIA TRUCKIN,-$4600.00,,,,
2024,AGO,2024-08-05,LOGISTICS,-$32000.00,,LOGISTICS,,
2024,AGO,2024-08-05,BLUE FEATHER,-$20650.00,,BLUE FEATHER,,
2024,AGO,2024-08-06,TRANSPORTES ZUNIGA LLC,-$4200.00,,,,
2024,AGO,2024-08-08,TRANSPORTES ZUNIGA LLC,-$4200.00,,,,
2024,AGO,2024-08-12,TRANSPORTES ZUNIGA LLC,-$2100.00,,,,
2024,AGO,2024-08-14,TRANSPORTES ZUNIGA LLC,-$4200.00,,,,
2024,AGO,2024-08-16,JAVIER GOMEZ,-$37000.00,,LOGISTICS,,
2024,AGO,2024-08-19,RHINO,-$13100.00,,RHINO,,
2024,AGO,2024-08-19,TRANSPORTES ZUNIGA LLC,-$4200.00,,,,
2024,AGO,2024-08-21,TRANSPORTES ZUNIGA LLC,-$1400.00,,,,
2024,AGO,2024-08-21,TRANSPORTES ZUNIGA LLC,-$11200.00,,,,
2024,AGO,2024-08-23,BLUE FEATHER,-$8800.00,,BLUE FEATHER,,
2024,AGO,2024-08-26,JAVIER GOMEZ,-$42600.00,,LOGISTICS,,
2024,AGO,2024-08-26,RHINO,-$3000.00,,RHINO,,
2024,AGO,2024-08-28,BLUE FEATHER,-$6500.00,,BLUE FEATHER,,
2024,SEP,2024-09-03,LOGISTICS,-$42700.00,,LOGISTICS,,
2024,SEP,2024-09-03,LOGISTICS,-$20000.00,,LOGISTICS,,
2024,SEP,2024-09-04,JCH,-$10125.00,$8325.00,JCH,,
2024,SEP,2024-09-05,TRANSPORTES ZUNIGA LLC,-$5100.00,,ZUÑIGA,,
2024,SEP,2024-09-09,UNITED,-$15000.00,,UNITED,,
2024,SEP,2024-09-10,JCH,-$81600.00,,JCH,,
2024,SEP,2024-09-12,RHINO,-$28800.00,,RHINO,,
2024,SEP,2024-09-13,JCH,-$18800.00,,JCH,,
2024,SEP,2024-09-13,JCH,-$9400.00,,JCH,,
2024,SEP,2024-09-16,TRANSPORTES ZUNIGA LLC,-$9100.00,,ZUÑIGA,,
2024,SEP,2024-09-17,LUMEN,-$48000.00,,LUMEN,,
2024,SEP,2024-09-19,JCH,-$9400.00,,JCH,,
2024,SEP,2024-09-19,RHINO,-$19600.00,,RHINO,,
2024,SEP,2024-09-23,JCH,-$28200.00,,JCH,,
2024,SEP,2024-09-23,TRANSPORTES ZUNIGA LLC,-$7000.00,,ZUÑIGA,,
2024,SEP,2024-09-24,,-$10363.54,,,,
2024,SEP,2024-09-24,RHINO,-$53350.00,,RHINO,,
2024,SEP,2024-09-24,RHINO,-$4850.00,,RHINO,,
2024,SEP,2024-09-30,UNITED,-$16540.68,,UNITED,,
2024,SEP,2024-09-30,LUMEN,-$22800.00,,LUMEN,,
2024,OCT,2024-10-08,ZUNIGA,-$2800.00,,ZUNIGA,,
2024,OCT,2024-10-11,JCH,-$32900.00,,JCH,,
2024,OCT,2024-10-15,LUMEN,-$14400.00,,LUMEN,,
2024,OCT,2024-10-15,ZUNIGA,-$2800.00,,ZUNIGA,,
2024,OCT,2024-10-15,LUMEN,,$20800.00,LUMEN,,
2024,OCT,2024-10-17,LUMEN,-$6400.00,$1050.00,LUMEN,,
2024,OCT,2024-10-17,SOUTH TEXAS,-$14550.00,,SOUTH TEXAS,,
2024,OCT,2024-10-17,RHINO,-$53350.00,,RHINO,,
2024,OCT,2024-10-25,RHINO,-$16400.00,,RHINO,,
2024,OCT,2024-10-25,UNITED,-$16540.68,,UNITED,,
2024,OCT,2024-10-25,SOUTH TEXAS,-$27400.00,,SOUTH TEXAS,,
2024,NOV,2024-11-01,SOUTH TEXAS,-$14000.00,,SOUTH TEXAS,,
2024,NOV,2024-11-01,RHINO,-$12000.00,,RHINO,,
2024,NOV,2024-11-08,RHINO,-$35200.00,,RHINO,,
2024,NOV,2024-11-15,RHINO,-$24100.00,,RHINO,,
2024,NOV,2024-11-22,SOUTH TEXAS,-$26900.00,,SOUTH TEXAS,,
2024,NOV,2024-11-22,SOUTH TEXAS,-$6000.00,,SOUTH TEXAS,,
2024,NOV,2024-11-22,RHINO,-$20000.00,$45675.00,RHINO,,
2024,NOV,2024-11-27,RHINO,-$24000.00,$4000.00,RHINO,,
2024,NOV,2024-11-27,SOUTH TEXAS,-$14000.00,,SOUTH TEXAS,,
2024,NOV,2024-11-29,UNITED,-$15000.30,,UNITED,,
2024,DEC,2024-12-06,RHINO,-$28000.00,$3400.00,RHINO,,
2024,DEC,2024-12-06,SOUTH TEXAS,-$16000.00,,SOUTH TEXAS,,
2024,DEC,2024-12-13,RHINO,-$30000.00,,RHINO,,
2024,DEC,2024-12-13,SOUTH TEXAS,-$16000.00,,SOUTH TEXAS,,
2024,DEC,2024-12-13,JCH,-$44000.00,,JCH,,
2024,DEC,2024-12-23,SOUTH TEXAS,-$4890.70,,SOUTH TEXAS,,
2024,DEC,2024-12-20,RHINO,-$20000.00,,RHINO,,
2024,DEC,2024-12-20,RHINO,-$28000.00,-$2000.00,RHINO,,
2024,DEC,2024-12-20,JCH,-$44000.00,,JCH,,
2025,JAN,2025-01-06,RHINO,-$26400.00,,RHINO,rhino.jpeg (https://v5.airtableusercontent.com/v3/u/53/53/1778220000000/DRM7Q8FwdcrwN9RbhO6O8g/nlJ72Mm8xfJHfNPed0qxAfu16_k8OfQBTu12peODhS0A-DL19jxH4qWS9z4qRN9NMgONCjJdcOVMUpFim5Q8_NpoSrNNwIivmxkm5yZBTkg469chuMBcH7o8OurrMOuI_d23uOKh5-6b2ZR98Hd6tTuw_lakdQl4Wda6xg7ep-k/kjbgn1xW_BfK2A8HMgh5dWBLYiGwyENtocJ8rVzPMkM),
2025,JAN,2025-01-07,JCH,-$44000.00,,JCH,,
2025,JAN,2025-01-08,SOUTH TEXAS,-$2000.00,,SOUTH TEXAS,southtexas.jpeg (https://v5.airtableusercontent.com/v3/u/53/53/1778220000000/cKlg4w4REpytRnyopWUfJw/tCd8ZT64r1F_kcSzd2wfmn0SP8xZ_WrOuZZc3VGDQNlxTXSfq6irBg6SO8-ULkBpvy0uEVlXTabAoow5DuXWKFiCijngYuYr7iakUwS_nuSGo9vZMLtv8vBrhlUOg2s_hc_SYSiAf4XnozaqBInhkJMEId6yFw0Voj3xb2_vfyI/rmKhpMSvRjl9MmkbnjVA43pz60btXXPEztjaOHuUm5U),
2025,JAN,2025-01-08,LUMEN,-$11000.00,,LUMEN,,
2025,JAN,2025-01-10,SOUTH TEXAS FUEL,-$20000.00,,SOUTH TEXAS FUEL,southtexasfuel.jpeg (https://v5.airtableusercontent.com/v3/u/53/53/1778220000000/6at5nI4_8k12tcpSdhe0Pg/SokKmwwmmkuINrB6ivUVuE87ZoMOs3xPcV9-P9mUnLGnnuLv7Qf0HPsfK_jLim4sUbSTS9rG50OQ_9En-WOnglFYPvocMVod5kB7N9myw_Nf5WsS-11Qg1OtqUCJTNJMbiRypaz3oat18R0DSzvrt5ZmISmMRTQj2Lp2qas1f90/hpz-spWr0ez2g3tQaymkw4PoDk4qz0uZjI97wtRJp28),
2025,JAN,2025-01-13,SOUTH TEXAS FUEL,-$12000.00,,SOUTH TEXAS FUEL,,
2025,JAN,2025-01-14,SOUTH TEXAS FUEL,-$8000.00,,SOUTH TEXAS FUEL,,
2025,JAN,2025-01-14,RHINO,-$67125.00,,RHINO,rhino.jpeg (https://v5.airtableusercontent.com/v3/u/53/53/1778220000000/Fzzlp1PXg2fIveE17pRGaA/oKv6slfxU4WUE0ie-YLbiyzPUBvQVhiGvFCBxgVGuOL83KTrcxRjrrozRwbuJ_5ugI0ZyOvsOW4pp41S4ahgV8NFRdqepAel7_guYB__dEEjaKXqgWcS65rvyBqI6L-Kh6bx49mB4gew7IROFRmEb6hkfd9wcBdogRg212cYCK0/00QtcFDpbu8_TGUmmqtKCTefVxcVGmPTWa27AaMioUA),
2025,JAN,2025-01-16,SOUTH TEXAS,-$17600.00,,SOUTH TEXAS,southtexas.jpeg (https://v5.airtableusercontent.com/v3/u/53/53/1778220000000/dfENQWRGi6ssIudQBrNEmA/gzjJVfUIMcHiOtZ7Krb5eVtw9jcR2ZmIGuKBRmYhSQbNpVoq2l95KaDBEuGIqYVbTDXuYDLLIphZ_oRNPm5cMzpyqZLPjBpO7DRoPncTytL1fP5kZKqcG0SclWaurtyZlNdJmLsWtzbekkIAQB6NR9Z5gIFlbdYA31wrSJhuR04/YRDR2r3V-fY5R7dTbR8ysvtULuluMNGSxZ9wMJdnb0E),
2025,JAN,2025-01-17,SOUTH TEXAS FUEL,-$10000.00,,SOUTH TEXAS FUEL,,
2025,JAN,2025-01-21,JCH,-$74800.00,,JCH,Imagen de WhatsApp 2025-01-21 a las 11.35.32_3cd9e151.jpg (https://v5.airtableusercontent.com/v3/u/53/53/1778220000000/5IIgnigxYtCg1__kmMJnag/Tq4Sm5gis17tg4FPYkbP9_dc-zpzhraLo21p5_O8LYHA4IoYesXwurHC2iK0NYuKHuUxnTd24JdYMxV2EL6CCsb8hydsv8F6KJaxJyslfn8-TlsfpETllDKtVPMfLfqzB6iLMOO4frMgA1brx0F2_mwhOm1Gsze8nOqipx163fF7OGHfjqAbqDvJWsyhjibtZnAklYEAF0GM8fuMjH7Tfg/cQBDrLVB4yq6UuTSZjW9vfPX5g_9iqj_1CZDLGMotmw),
2025,JAN,2025-01-21,SOUTH TEXAS,-$19800.00,,SOUTH TEXAS,Imagen de WhatsApp 2025-01-21 a las 11.38.36_74e2fe9e.jpg (https://v5.airtableusercontent.com/v3/u/53/53/1778220000000/gv30cnY9rZ23b8U7YkLwLg/s3I-31U2mVHeKN5nH_ICChzTmLt0VpChz9qiRs_tLnXYjaCvGSV-CMBTvVtGABkHIEIVLASkZUhiOwQnhHcY-sEP64SZujKlIsGSin7NKFiRrK2BfDcBQZIfoTXOByVsi4ajNrukQtQAs9Ebm27OMR9HTegOFsV1KSL9gTraXbe1xqh_XZoVZKXvfxcHkChaci-iVjotfEI_0kZnBwSxDw/HjnBsTN-Wu_HCATpg025tOzE28pQ6LIXtcJGkKkrols),
2025,JAN,2025-01-21,RHINO,-$57200.00,,RHINO,Imagen de WhatsApp 2025-01-21 a las 11.40.05_6fedd625.jpg (https://v5.airtableusercontent.com/v3/u/53/53/1778220000000/A4gOVBjjLYG87a22ZitWLg/d6pDqaqtrGCp2ekEOoIhCHMQjcVEC_BQ_0W6b2Q-49ONAV-Z9PCAeXK0BUqQk_BQptS_vNQYYyRNl7KQ3-nnR2LlI1ZYnVzCfD9PzHKeUWucdv4UWVeJFf551-5llgcGA-nacjkMqR3l6O15wynag8VSb-1YPOVeAtlETGCaYYw7R0jVbQCbyzbw5AVb5Gn4rb9zaZdfG7HCDvTJCF7JEQ/gASF5PDOyU8VDq6RyJ4JimwKACgCxrmeQ5khP0WQkNE),
2025,JAN,2025-01-23,SOUTH TEXAS FUEL,-$20000.00,,SOUTH TEXAS FUEL,Imagen de WhatsApp 2025-01-23 a las 10.22.22_a4f84777.jpg (https://v5.airtableusercontent.com/v3/u/53/53/1778220000000/urloi6V4jmLuza3EcbwsUg/KyJKbZ67jLC1KFi4wLuQ_K5fuITZ2kcbRVIja7zxU8HSeqahUV8K3X-U8XI5Fm6ungBgvLYBRHcxwB441x1lBEl8Kt5zRea_rIebUXwZTgTKXUPRrJIDaCjAUxTFEnh5vtvc2S8h_NKbgDunhZr7llncTgQYW4NOLrBXgMQfp85GPIrfQdlBAQjiRDm-X6cLL8t-VV90B3kVAaaG8lVfCA/9Kt7o641Cg35lf5GmO9h5Q80wEN0PVcZyQ9-CG11110),
2025,JAN,2025-01-27,SOUTH TEXAS FUEL,-$14000.00,,SOUTH TEXAS FUEL,Imagen de WhatsApp 2025-01-27 a las 11.33.45_15979c34.jpg (https://v5.airtableusercontent.com/v3/u/53/53/1778220000000/7Y_Dk-6iWNgKtWAPQJL0lQ/BgxM7E759IIXAuPn4BoUqVOqw5r_EGC0dXtaFPTJAWDsmhqUtNdkDK5STvGvX5RRbPBN2mUO1pnopXhz0AdBUkOJcBbjvpXbL21LSSWAjdbyVPa6Rb2JrWtw4AxXwGnpmbG4gqMvyUyPTGaOZ8DbQzrDshwEwizlTbHhT0yQr_cbvBMmRhDLf8SrRqqoW0GEpeqlb8ID4d2V7aVM9_9JnA/2icVKPW4y_5EtsSuq08qyM5uE_cqTGKiXy_3BNXwgVM),
2025,JAN,2025-01-27,RHINO,-$44000.00,$2000.00,RHINO,Imagen de WhatsApp 2025-01-27 a las 11.36.18_ec092f1c.jpg (https://v5.airtableusercontent.com/v3/u/53/53/1778220000000/yZETh0ad99SfRfwcBFcXzQ/eROHUSDDA1Yua8yo31HIxMbI0VLOVDfmODXa0kfPYapDZfhtmcdCWkt4sW4vtBuL6BXH7P_mGa3cLs1f0-peEDZl9qbH18kxaJoUWEZqF5bYqiT7Byjew1aAo9bE_KHZNlEt1yOPwqDWy3JATrk4wAc2RMbxZ8hv17BHwStqJGXcTChYJCg9JGLu4rjC70qncQGtn080VGzgzVo8ILLz7g/WrHjtK6swZLsK4OVPyodpuodmeuLbCh9SdfmVN8bhNE),
2025,JAN,2025-01-27,SOUTH TEXAS,-$39600.00,,SOUTH TEXAS,Imagen de WhatsApp 2025-01-27 a las 15.16.28_36617fe4.jpg (https://v5.airtableusercontent.com/v3/u/53/53/1778220000000/fPLRbyOzYGBTG_PQqLdcRg/jKJXqzD8tWEMXhHDGvkzQllG24-k6REgib4mm6NqVGIA43q8V9zUNkylN2PYRFQharPeM5yr7B2MnC8qC9eY0uFYgEA6t7jcTuIQ8p0XggjUpzxJf1hyCOcRGxNp1ydNUDz-Mo_3DwXFmokT-yiOvFgJNbQZ5brFtLgmnTe5VZNhci2JwsxB3GUuuggLZYySDWNdNBZA5DLOYIIyWSTs4w/hgeu9jEYTH1g4fBYlxC8NUd285YsDPm4P1yLkr3b8xc),
2025,JAN,2025-01-28,SOUTH TEXAS FUEL,-$60000.00,,SOUTH TEXAS FUEL,Imagen de WhatsApp 2025-01-28 a las 12.26.41_4af49c9b.jpg (https://v5.airtableusercontent.com/v3/u/53/53/1778220000000/1sa0lyfdSdpJcBr6yzJUcw/9dYGoBOJEOR2WOk_8WaNyu5c09bMDZbuSDJPFlvjHil9guLFIoeFcFj1l1ZJt8PszEDOxqhDR7dWyTjE_sv9TfeTelvWqpFZ66FnwNe_aHnNJsMiXEOVbEnyVNhgsOgrHvNw9_1kEJcSq2knMYJRRyuwW_fcm6AqFJswq5lBsRSgTPJfeY-h90y8mNCokAbdiFQvrIsN60-ogTgGteBU0Q/xp1diRktAgAqK72KwYJp5OtXbc2DrzK9N5ZdNPsaDe4),
2025,JAN,2025-01-30,SOUTH TEXAS FUEL,-$60000.00,,SOUTH TEXAS FUEL,Imagen de WhatsApp 2025-01-30 a las 10.22.09_466ba833.jpg (https://v5.airtableusercontent.com/v3/u/53/53/1778220000000/sECKmT4N3YZzvGGX-NAfLA/8bMhFJg8El24hNMni0GKowYHEAz_7HFDHAI9L3ivR0Z5ntE9T8Fencgt0s-scExrpE6B7dYkxcm4cwR5sIfMhuPOk3dgjkKKNz-rfiXXAWdbdHxF7W4iYsjxnZTyjY3PmCwonrt0yfLGJlx1U6h7t3JQ7-uImSVQQVryOZmHY7CZn8F01Hjs9zWtAhx4sDUWEiqvOEEIV7kbJ2lR4BCuEQ/jFBYRVXwbbrIxilt3gTuU-h_RGgYoprpuQ2lJMGZMZw),
2025,JAN,2025-01-31,KEMLO,-$4000.00,,KEMLO,,
2025,FEB,2025-02-04,JCH,-$60000.00,,JCH,Imagen de WhatsApp 2025-02-04 a las 08.02.31_79fa7ebc.jpg (https://v5.airtableusercontent.com/v3/u/53/53/1778220000000/0ZnOrvL4l5TQxonfsqQcHw/QJ7Nu72TreE_ZePZQgTd4oP5IlNj9cWLPqBv4AZXS2JoBIIWEdkhE4OY9ZUEblvkFF6FIROoAGsUgTRmA5YMjTBxKqKSFTgcRjTwbxNNSRk7adifZaSypYOwgLbJ39M90PVheyH__EJcx-sF2OKg5gLn3DtLWK-BB5kBeMoByEOYNmk4NEeNDktIdogd1SPvFy9c-uFOhQz-01VOhd5UKA/EjSEVIxA6S4VPNBgpwkZ-m1le1GY9pC_EWrF2zPls0w),
2025,FEB,2025-02-04,KEMLO,-$4000.00,,KEMLO,Imagen de WhatsApp 2025-02-04 a las 08.12.07_b2d4cecd.jpg (https://v5.airtableusercontent.com/v3/u/53/53/1778220000000/sx_U6Aq0LncfWa-v2U9LXg/9HcznidF8a9Gke_PqZPF_6NlGMHOH697piM-hcp6JsFOC44m9fhMjds3DFK1GHErgjdpBOtRRm_KHzfXO4NVZpX2ZKMSUjoj2XlBqT7ay1R0ciujoNCN86HGTAAEFf_7I7AiqRXgCvvN4XhwBdSDra5-v2FfgHQxV6pORbfGZFTq_l9GlwA1DvcdYtv_Afn2SJkvchL1jEk72yGAt4gYGw/AAh9kBrBZSSkoxYWYn5hMQ9_6OzkRxql3a8AaTJRmHI),
2025,FEB,2025-02-04,RHINO,-$50600.00,,RHINO,rhino.jpeg (https://v5.airtableusercontent.com/v3/u/53/53/1778220000000/SUCynwM21fc4J07VMCUV4Q/uKh5fDyaGFyeMkPc_F3jJ_Bsn0WHuILiUgt2IRdDXaKhjo9Kk7FbAekV5mmO6YGSDJN4o0294CmOJobjuSgBq5x6LHp9FGH3QhN-6BFfqsgtC5kmQnnSs3ToJo9awKIvFtuf8RcqWG9L6f3CdJd2O5ZmlToHSnLylriusd1jR7w/BlseNwEdi6DmPrs2MxFuLvdt3pvwGdzOXDeY1hKF5-o),
2025,FEB,2025-02-10,RHINO,-$35200.00,,RHINO,Imagen de WhatsApp 2025-02-19 a las 09.09.52_a64cbf17.jpg (https://v5.airtableusercontent.com/v3/u/53/53/1778220000000/7lacq3gF9EZVYjEbV2bBTw/65_vdm2AWal9EJHtkpgXtzghz0zP3DZ7wEml_DnWX_zEn50A2CYaieKq39grQfxsPUH9LU9nFXKLX_MYEzS0ib8zX3mo4hn1iFLPNbGfGenb3aMORH9pLWRs9I6eCfZLwPf3otfVNBhZpBatvqUDesEf-VyEU_ZZo6J4M_EtdZbqDcS_AyJflIJEZIt9R--oRvDohdSKM3iDBL8KApZ5SQ/rf23d6xHtC4c961b1vAqrtGpQIlzy5r_YTluHHFIats),
2025,FEB,2025-02-04,SOUTH TEXAS,-$61600.00,,SOUTH TEXAS,Imagen de WhatsApp 2025-02-04 a las 08.08.02_ca1abe38.jpg (https://v5.airtableusercontent.com/v3/u/53/53/1778220000000/isYJWyNGWa0tKEdSfffInw/QbNJP7PQso6cvJmEMTIrP62ym_YeYGec5I2g2oQkj_5-sP4dO-BaW-gxAzM5MrE-tqjStTM9jEQyAaKbou1sUnxD2ojjDV0wgdtTh3qwaUeMXGlW1YDR-K5Nw_0rjfwAvdf235py40D0QGnqkxQulcYm06uqyVZPCoBFNI5Y-1pRJFDDIRRC169dHMqgqoV0rBsP8SL_2dhGPgLcvsyb8g/U2-Kr7i4Od5Duh7a6QQTSUw18AyxRi1gDseNOKw7eHQ),
2025,FEB,2025-02-05,KEMLO,-$4000.00,,KEMLO,Imagen de WhatsApp 2025-02-05 a las 11.01.54_e55dcfba.jpg (https://v5.airtableusercontent.com/v3/u/53/53/1778220000000/a6IUgQwQlqlUAPdmjDRMyw/gCKinsQ0bM3akEo1nwA2M0l_SRCmyPPDBJGzRRslvNiLWBBKHsN0G21p1uTSgIrX1pLW1E5WKmA6AyL2_4MHUKAv7cXzT4Q51b3tppGYIEv927TGIgrqdCLZVdWT9Wtn_5Z85iHKeWunbKk88lojAaU6fvVIPKppfasaIgCk1d1K3J_m9dId2KnWT5ZtdPp-BNyiGz9wyzohOkzk3vC-QA/gdcc_Zt-QVIhxhdOpjDNe5YQt6SvyC3jqCyzBA4r5IY),
2025,FEB,2025-02-07,KEMLO,-$8000.00,,KEMLO,Imagen de WhatsApp 2025-02-07 a las 15.44.35_472ebede.jpg (https://v5.airtableusercontent.com/v3/u/53/53/1778220000000/hlXbV27KyvqfQEOSIgmj4Q/QGuNhkzin5H8Agx9xVXSl8wm2AbOkjP6bOsQEjdZuNSHaT59s0F1ayhwhUWcqAajUFz2llSlp2ChDNaQckJYTiehaipLdduVuVuoyfVYSZvhcfcQAkViYjnFVCMpRw2YwY8hasNzXCLT6ooDSmyAFMopIsewP21R1vpqlHIk32e-UEoT60zAJDRc6yLto4jBilkWDKGt9mWs-cffLNwtZA/lqGcuzjYppP700yOJ0oXPXemeg6s1Krn2BPD2USz4_k),
2025,FEB,2025-02-10,SOUTH TEXAS FUEL,-$10000.00,,SOUTH TEXAS FUEL,Imagen de WhatsApp 2025-02-10 a las 14.34.12_203f82aa.jpg (https://v5.airtableusercontent.com/v3/u/53/53/1778220000000/ADTYyBksJ25NDncJaxJdMw/zYYlnRkPmBxqn2lJaoUIxqgMbJ6SCVXLUuKw1m253a1RZZoF4Z5t0cT-S6NYXwI-NGScJyb65nJdHc353gfUy2bAgM0BSGo8uTYRO3jCZt7pRZfoVRXhcs00MuGB6yUxiQUW6wlR-6mwoIaRrrNt2nAcfFdMbYwVsa_ao-HNdR8b59qyKuP1ENnwMthbMQKp2m-lZjpn8FQSEw18l5vCvw/zNINP2EkMEIwiMU3oeWK4_ZYFUmYGAQ5DPoZQjpvg_I),
2025,FEB,2025-02-11,SOUTH TEXAS,,-$31767.50,SOUTH TEXAS,,
2025,FEB,2025-02-12,SOUTH TEXAS FUEL,-$40000.00,,SOUTH TEXAS FUEL,Imagen de WhatsApp 2025-02-12 a las 10.18.42_07a41a3d.jpg (https://v5.airtableusercontent.com/v3/u/53/53/1778220000000/HE-QDqmY5z4ZRFsoKm_67Q/1G2AC5Sde8hhl2mHNqrGuwwH5VEHOygBebtlYyRfSvMIxEkCNdyly0pHD6VGe42xiWxDCRa4zccQpv-tAXQeoNZHwbTtoJ3yTlSu-DauY-cKAte9Ikjh2UtuGF8gUhvTdMEzcdIE19lLOc_EW0pAUFbykHdpkuS03BaoMmf0tcqXpdBIFXdfBMpZRt1hQOCqFQcNau7ThiyHvxBNyfrgDg/3ScJkyV-xoXqsOqMUxUgG092ieak7jmdYPEGW7rVJIM),
2025,FEB,2025-02-12,KEMLO,-$4000.00,,KEMLO,Imagen de WhatsApp 2025-02-12 a las 10.31.08_4775531c.jpg (https://v5.airtableusercontent.com/v3/u/53/53/1778220000000/lvfTa72dC7W_mtPtBQ2_9A/dV2sqOW-O_e5IPNqjyaqlkWgIklPaAcW67eQvpi6l5gVc8FNub2iCkZcB1uhipMPlSWp60DBXIqIpfaskzn0T-oIYWU-9ZlKy0L1Lu-rNwm2ljrpKqOxY6NAE8lV8Y4Z4T3nR_VF-YRMVkcOLkaVSA6bC0pdwK16CEkfsl6mgzJZQC8it-eeiezXQaX91ulLR0uF_-R7exPYI2cxX_tcKA/ES1Z4Bg81551cRm3Se5N5b5ZTY20t9Sy70UwhveAZPY),
2025,FEB,2025-02-14,SOUTH TEXAS,-$10032.50,,SOUTH TEXAS,Imagen de WhatsApp 2025-02-14 a las 13.31.49_dd5a8177.jpg (https://v5.airtableusercontent.com/v3/u/53/53/1778220000000/Ds3nO4IkSflOJTw_1ZW3AQ/1X7futtQL7BCE0ikZxNENKDCNEHuC__SkwYty1VYR3g-ChIUBtdTblEP7zIAMXe420S5FxVWYjB5Hk1yzaujDea_M-wWKzDoiezvRn3HLaA1vRx-n3QGmSGMGqPF5S8HZJ3vC2vq-9AMlFwKdJQYiCoqRJayuLSOZ1bppZYc0G9clVM0Qb9AJMtyV15bwI53A0YKDfpQjKD3FIs-eV-Ybg/o5OxNifa6jzZbf62qqC4HbjiDmyLKI5AKbDChYCozLM),
2025,FEB,2025-02-14,KEMLO,-$4000.00,,KEMLO,Imagen de WhatsApp 2025-02-14 a las 13.34.03_34782f2e.jpg (https://v5.airtableusercontent.com/v3/u/53/53/1778220000000/gwe83-2UrLk_DQt-jO5jZQ/fUCQAI_LzYgFPWndUlCFDGdgpuD9voEZgcZYWPvRIHLuGsHG50ckKSH1FZksACqhjNRLIxXzbtSybGNXiTxXbzzaOP-X--PjaCT1RgBWq6SEAsW0PyU9mZuxLxTzVJBWxzoiGmlny_zQDH9pLPW33JDpGBSmpxpbIKwOMcYyzS2ZNXygdwhklbb3sFN-9Mg7fEJhFHJGDdy-w0uXUIY1Mg/8xs8E8LHrzSS-gid0W0MlPjtSO-VSTYZ6mWobRxzTdw),
2025,FEB,2025-02-14,SOUTH TEXAS FUEL,-$40000.00,,SOUTH TEXAS FUEL,Imagen de WhatsApp 2025-02-14 a las 14.47.58_9c9ecd7c.jpg (https://v5.airtableusercontent.com/v3/u/53/53/1778220000000/jS1dEoluLzOpJky7Hfy-Xw/RIsnclcj4KiyHswB_TwtXJUCiQH_ZbTRi0pzZ4XF8NwPXQ91Jz-kkq_RPdQHUcS4vUVOsUdDRVqLfRgA6INKC6pGCs8GF7wXNQGvfd6b_NLtLGQ7U_rkdb8jiDuDbbbq42LAZ_2kEBkcIji4qnGhn8I0PoB5b8-6lAnPQoKpdJpkUXNCJ0TgpUdmpcDK8pvo_LKk87WZdmZrCj8OoCc3Cg/zAJru61BdHPkxHGForprnzNviiWK87aQGue5-pu-9j4),
2025,FEB,2025-02-18,KEMLO,-$4000.00,,KEMLO,Imagen de WhatsApp 2025-02-18 a las 14.40.33_f200d51a.jpg (https://v5.airtableusercontent.com/v3/u/53/53/1778220000000/bH4kit7ytngC6OLo6vZnTg/Y1oTzcHUoTwGFxemHTb18q-GE4Sl6XQ8ZsmNnoHyoKKin5Wy5zP2Lp7-A8njatCtD6FWJOD_bRkaBQ-W_rrnxAwoGlW5pmPQnd4xbod1_IJACxbBf8OMA_G7Y_Yc6h2XDrX3GFbyOY6Dy0QV6edWZDDE4D5ONb5S_FpAyRgGCZrJ2-k-1eQScXegUcdmF_Us7E1SFfOS-V67vCZ-4qx8Vw/DvYIxYZFOkSyR20qMqQEEHQoawmJH7_OjSQ2uE5B7U4),
2025,FEB,2025-02-18,SOUTH TEXAS,-$26400.00,,SOUTH TEXAS,Imagen de WhatsApp 2025-02-18 a las 14.42.43_d7f6bd08.jpg (https://v5.airtableusercontent.com/v3/u/53/53/1778220000000/OjkmTm7SjJ0-zS8jw1Go9A/YBSg3t9CH2PQFLqGERWcNjbEGlyP3KZLuehucLXmw1p96wdSSjDC5Y40pkxsxDS4jTynyRUsXysS6i4X37rzSW7Jr0-2zJdmfCIirKTGZOH84UHowwRE0qEDPQMp67f02tYb03ekn8P2U5j2ULBWJtVxfaec14TlRArcaPLADRuUsXVW1jLLSAi1gWVTx_n1mBopcnTWeEo74exxKUd1bQ/wkg4ckE6Qah0TkiX0qd1GMKgU0Ty38oT7jn3Pc0Ln-A),
2025,FEB,2025-02-18,SOUTH TEXAS FUEL,-$40000.00,,SOUTH TEXAS FUEL,Imagen de WhatsApp 2025-02-18 a las 14.48.56_4e1ac920.jpg (https://v5.airtableusercontent.com/v3/u/53/53/1778220000000/KaYg_Aev9AGPBfUJSGIjvg/2coqfY_WWzYXayISZzQkaAz3vP871i6e0AIhzKRm9YWlwn3RGvxexkDGf_C54yVcOTHnXNtiBaFIyAavmMwwmhMMcqmqc7P-LW-77KPqfkN1YbocScKXhQp-ise_KkqFP42zTaH0aKZpPay-ZSz-7l5OSg7-XJHbu_LrRSRJXoc8Et4h7mU62eiTUqLQlYIP9BfnjNfE0vU9W_b9Ex7obw/uYUvTgZJImTcD3tfogbgrarXvSCM2ft0QpGljclHhng),
2025,FEB,2025-02-18,RHINO,-$19800.00,,RHINO,Imagen de WhatsApp 2025-02-18 a las 14.46.30_c1d60f3b.jpg (https://v5.airtableusercontent.com/v3/u/53/53/1778220000000/p6T5T5vTBPgKVq5a8CpY7A/xggjDMWDNQ7DaQLq7YzZiAbXzoDuLTTOzzpbidv81L0PEo0XDpoVlHNSnl5Eh2gpqbX7OUSEuOQlru4_ke932kWlM9vET1ZWonB2Rp2iXrE_kKR_kotO7kfJDufhvNwJiRCay2stW_q_je6guDtSR_JtGtFe6ET9ePnLNGhjBjpKI8u2hY0Gb09osHVOcwMQ_he8qo3gzpBgJxEGrAsZ0A/7tmad9IFCRj_iMcoLfFztWcIfkm6i20ZglDinqyYdPY),
2025,FEB,2025-02-21,KEMLO,-$4000.00,,KEMLO,Imagen de WhatsApp 2025-02-21 a las 09.40.59_19443d4c.jpg (https://v5.airtableusercontent.com/v3/u/53/53/1778220000000/zF7azVTjqT5J_dbWCz9WCA/BnDCCy1aQwxK2NF5Gl0W1XBM6di45q2iESRcqr3npWNlz_yJvQdr8jcPV52lRn0BevNQBfzvc6dnGfmPp-4w1zOupefLEGffL00or9NWM_LSgT4-z1S9RaReu4ceTlntosocZlOwicdKyIe9vWLFLU4oq_ligd0GsmsjfJE8fpRLJtpPdEXL2meSBjtg2-VFaODAKz60Bf1FWspleQyybw/NQYQg6G8_gEaiVObSOkhAnHURsNAdkOmJ6RnumuQ1nk),
2025,FEB,2025-02-24,RHINO,-$26400.00,,RHINO,Imagen de WhatsApp 2025-02-24 a las 09.24.41_f372aa9a.jpg (https://v5.airtableusercontent.com/v3/u/53/53/1778220000000/NldNB4lz5JqZHpp91kE9GQ/V6Wyr1Pk0YertQWsQ-K-b3rfTtkp3Iver94hZCCVqld-B8wZRQhTFyamVXejLJw2Icy_EBG2On3mgYdStAThEqrof_gdoHXbigNqoNcM29vL-YTogWdMpWsv7d9xDMsyX5kEKF16CujlDPipbY_q2-MqdMMou_e_d2LlZJi-L6i0rHWOdj081IJa8DYmHi-W4rnlOlWSZxXKcJyP79Zdgg/bxBwvh4P8dB1JusswTCDiaTfbshx4LSQ8gebcvG637U),
2025,FEB,2025-02-24,SOUTH TEXAS,-$17600.00,,SOUTH TEXAS,Imagen de WhatsApp 2025-02-24 a las 14.53.26_ce33b549.jpg (https://v5.airtableusercontent.com/v3/u/53/53/1778220000000/WRc6ix0OEcA_vHgyi5mJdA/7vOg-gsuiJVyKgUNx01ua615egGxyZY3OsU_3HqwD_6htcmDEseVguFQWknfhYBbbn39S83PGgie2Xs4ImVi5o7RUQXvuZbxaO-NvdjIb_DRPTM2Y6GWAZ7HFYZT8WZbbeFd4t5dlL-gx4WUq3WPdMps5oC0-ieTlgDIWLvfdoDtNgf3Z-SAMVExvoBAodz8VdUdOMpWmDhyzyOKm5tY2g/qU3wcbS0jwbhUVt6r5KA_zSBPGBDj0hmkfgOHkMjcXY),
2025,FEB,2025-02-24,RHINO,-$6600.00,,RHINO,Imagen de WhatsApp 2025-02-24 a las 14.50.17_03d0e3e3.jpg (https://v5.airtableusercontent.com/v3/u/53/53/1778220000000/TDzJGZoIyGcMQMWy2UYEqQ/emrE05hVDJ82lS6bABXZVZmrkyFF79dfwpPbk0G80SMECoUNCT8CkJlRnSUTlTx-WiEV1Wm56gbPVxgyoQkUz9d9WX322EKb3qNPcKHakw4HrCxgcbxIvWuPt5GIdHdzGs6hqoupBmoSiULsFpVr12ZKXrg3QjNLR0ClLgxkoAqOUfaVLbHTs3p91t8d-h6AKB5q8Y_7WBM-pI61Jg6f-Q/lVwxm6tRLGe45GNp8B9jwWmb3rxJGf1QjWX2s1W88NU),
2025,FEB,2025-02-24,JCH,-$14800.00,,JCH,Imagen de WhatsApp 2025-02-24 a las 15.04.13_f0d3736c.jpg (https://v5.airtableusercontent.com/v3/u/53/53/1778220000000/yRC4PFTp8zFub5Haha4d0Q/uFi4eAFv6DMnDKl7mBWGFYfBKEHZjPq119JsvBJOeucbl54mdr60rhEFq-wPX4OO5_BZaDe6-KNj8s2uYCkazLvc3jMV6DnZEv1pzVFnKexgH-ikMlKlZsSegf0qJ9huxui0ipMqP3GuVlTZHVWJTXQ8MGlI4vAJsX1CngBG0xsaJoy4DEm5_W9UWXK1fWGlDIG53hWDtlZL9fXNevlBjQ/cAa7n772P3OKf5VWfeZnriGlUvaK1LtfWrhwq52ae3k),
2025,FEB,2025-02-28,JCH,-$5250.00,,JCH,Imagen de WhatsApp 2025-02-28 a las 14.58.13_ed848e10.jpg (https://v5.airtableusercontent.com/v3/u/53/53/1778220000000/hWtq5aUw-aPH1_KQOZZ7jg/uvJQcpUG-TbNwwoQaN8ndjbl6JqT6j-q5hQ-fTEoq9OMZBCgSnvE3imdY-6pniYzMZLi1YZy2bQEGc7061mdcCKdoPl-AWJKDDzIYLcxwH_4ZLfFx640zZFhd-l86Z0Eq_JcR5CYqDVlwQe2EZFJraW9J9foeNp3Qbsap2eCQJH4ZR-LeYHDXc44FcY3s5FozR3PuRZXy7mg3MAGF48Bow/YcvTvFEAxdP65a2l8PJEKmIv4AjDCsPECbi6Wxc39NI),
2025,FEB,2025-02-28,SOUTH TEXAS FUEL,-$600.00,,SOUTH TEXAS FUEL,Imagen de WhatsApp 2025-02-28 a las 14.53.20_8643b424.jpg (https://v5.airtableusercontent.com/v3/u/53/53/1778220000000/ffLjWydTbL0hwq0pM7BPJg/pKV5KkypV8VaQTnZq45DpXIM1di_3dNT6I4fSoVa1xr2OTHhBbw0Q8YT43RNkNG9SOkBefq4GkM1zQ3oqQJhEFNUT1Js9SAoc4ipN8irS87zVYzTBPO_VRqZ9hr-9cGtBs5DmrEgrs-e8ELA0UYlVOmf63uDk4cToVjJ-6wViilzZ7cU6xZ-9dEKRhB4RUXMZ5XQKQouEZ5x1Gli4ePXKQ/CP1eRPsxbayNmULjxRnOq72MY2Y_d1jccnuQx1qaQ28),
2025,FEB,2025-02-28,KEMLO,-$2000.00,,KEMLO,Imagen de WhatsApp 2025-02-28 a las 14.54.45_657efcd4.jpg (https://v5.airtableusercontent.com/v3/u/53/53/1778220000000/RRb5BKFltxNt2D7ULnnl4g/LdEeFODxnTMMdCQGFntGGjrYkANaU97a7bhCRLtwlsXJ31y8KmVTTAqBfkWclTEfHoEjKEavMrppmLoQ0vfpK7Vq5Y0UcyrJkqO70zQ2NGf0VU6Nn7f27SkFjCPF-W0UqKsCfxXhuvIS7Rs5bHPDPgUt70_3k5XiEfvN2XbJZfPM4briKUuyt6osllV564uVu2Rd76DOS_Fsmf-jFgdH_g/NH4jol9Se-v7kHgH8RuuaJP1mTV7mZmYPrbmbvv8lqE),
2025,MAR,2025-03-05,RHINO,-$13000.00,,RHINO,Imagen de WhatsApp 2025-03-05 a las 08.51.55_352e7c73.jpg (https://v5.airtableusercontent.com/v3/u/53/53/1778220000000/hmHMbGnoUt6AeR3oBfklvg/np5rGG5TSW5wevCIT0nPaRrb4dyRDutELCHxB8tojEjbqSnCbvqI12ux3ca5NejoO_ickg19mV-YCxBaNNYJgDycHX-FzQ-SaEFobogyJDUykFbVO1FEKVSWe_Zg7NQobwFM-taQV5yngQi2-079E__fVkz41Woq56KIeIGYHBaisioeJuLz5U2bvrr0ACivkmSJAEUglkq2-1gmalVxYQ/HBxrO5IABDYxPUKPtdRvahb15V3AEjB5ROH4YldrJlM),
2025,MAR,2025-03-11,JCH,-$6150.00,,JCH,Imagen de WhatsApp 2025-03-11 a las 13.15.49_a20042bb.jpg (https://v5.airtableusercontent.com/v3/u/53/53/1778220000000/U8BCMzWeo_lumUB1vsbatg/BHzyzVkGufwmKP4D-KOezKAA5c9c8IQOcbof6WQ_0MEnf-16-oFT8l66TswL_pRuAs7Kqm8jVneQddCYsmPpq05KRgPtLTISV0RZrZaROw8weAp6KjI7Zk8zgB4NcoV24JFmIrYRqLmv0D8st2KmkPY0B1q1Mqcr87WRGmiHXxiIyKcWEvdkkWz84qgl-Z3yhtEDh81iP5TXJGGoPrS7tQ/n4UwgTTOZf49Mvrkv4WHb8twNAV_qrwQI1MnGHsCKAk),
2025,MAR,2025-03-20,SOUTH TEXAS FUEL,-$24000.00,,SOUTH TEXAS FUEL,Imagen de WhatsApp 2025-03-20 a las 15.14.45_13e0b1aa.jpg (https://v5.airtableusercontent.com/v3/u/53/53/1778220000000/j6eb_8aTCS_Brt64g5wdLQ/3ouX3nn247Tv__k95I4CXExB5OUTUSX3ofszpPVvHyjeqrur_JbDV1sI805gXMGAllp41hQPvDThaawrkkK73U3CMgz4HMNDwUzAJ6m5RLQoVnEZqoLGwmIqsdPIqPh5S4WqVRA-mvPAO-7AlQayY_Xq3SCc17MvfXrSqaYfXWxwHA2nAqFbDpcwHUQHG146svy4WYhjbKqGUiVdKip3Cg/JgehVxVo9V8EznsHnmZ74-XpYoAon_q7KGawSlS4u6g),
2025,MAR,2025-03-20,ANI TRANSPORT  FREIGHT,-$12000.00,,ANI TRANSPORT  FREIGHT,Imagen de WhatsApp 2025-03-20 a las 15.17.53_72bd76ea.jpg (https://v5.airtableusercontent.com/v3/u/53/53/1778220000000/Ay7wpaBAnBVxBqHWW-OFWw/grGxrQAQApiUUCVD4jjr761bKBu5lnsJNXuaEIP5ShCv8zD7HvLWK0tRtZnDLHkYaVtMVKHOQbmz1F4AYXEqYRVlKNtkEZKKwI9_k0GJPmrSBW-44rRrlmi6aVDUw2HtAHqGk8aavwZATDEAxruJyxhgWX1tvB4IpNGrrJ3_qi72SUoIePOFhuvE_1WibuE_90EoD4jlzyDEXeMO2w6R4g/LjMOxZVVcrk_JX62MugPiizLrlHZS3bqmftq-IekvcM),
2025,MAR,2025-03-21,BRAVE,-$4400.00,,BRAVE,Imagen de WhatsApp 2025-03-21 a las 13.51.20_299f7d86.jpg (https://v5.airtableusercontent.com/v3/u/53/53/1778220000000/R_QZSuA63um28JxUmPb7SA/BIfhq3viSuoxsWGA2ifJ1ysM0AhBV49TJvR08SSvyX4eqU3Ziu8J_-eAUKyTFot5v1aR5X4Re6L_9BQU-ouXgnq58FwH8FHYqihe0chEzkbpySj5tNHCJpk4aEzE2l1Ier1S-L13ULbOBU_Zr2EKBn4F6L8dEvSEpw-lvaxWboRVf-9c8kZzTt2WFPQYBiGwoWm6xUUcFpuN-I_Ya5YfAg/VBbBbI0SoIhlqSzi4ZPjTbUCf34tb79UWZ3v-pYjrh4),
2025,MAR,2025-03-21,LUXEMBORG,-$2200.00,,LUXEMBORG,Imagen de WhatsApp 2025-03-21 a las 13.51.20_299f7d86.jpg (https://v5.airtableusercontent.com/v3/u/53/53/1778220000000/giqQX0uM0LwtfeBCl_XVQA/GzYTW2AxtVxstvwSRxQcFcNvoOQ7tEKRiFfEn8lWj0h87-Zv_-ufQnPwtUli2h7Ok3haymPV64uMWor7G_qyqWZ6ZylzpE93sblnYB_Ou0Gped0FcPFnebzCfMJp7g8L0u8p08wnfF1erywNRMku9fkTmbAeEwnfgej5mUj3Pq5bZjB1Xavorq5rPdRfJOKZRaiMjDKlDF2VI4Dcls5hEg/Ghu-x-DA05hCF3B40M5M55lPSEIqRfDuw7RG-Wo0rgs),
2025,MAR,2025-03-21,SOUTH TEXAS FUEL,-$2000.00,,SOUTH TEXAS FUEL,Imagen de WhatsApp 2025-03-21 a las 13.53.06_a0564624.jpg (https://v5.airtableusercontent.com/v3/u/53/53/1778220000000/wuVeE-GOIYncNEAl4jQdJQ/Cy8EEVLDCBlQ4qY1cZFMFJ0WUR6HZU4OfOCfveUyu-ZP25CRnowziAcUzi3bVgdyM4NMBU8-BlP_Rp9UmSbxzoe8lZ1GZjClE7xCR9fkrcabmdLTurSLM2VojYKYZR5_4Fm2r6AFtGyDKGGDaQzxUwe1Z4KUxxJwQw66sAIGwlxrd6HGl8KB8I_ja_5sViYb1-SWNODg77Xw3MkXUwltRQ/scmyedyAUIwzjs6qB5xk9wLwkGYeJtXB6EEe8Eh1Fno),
,,,,,,,,
2025,MAR,2025-03-25,ANI TRANSPORT  FREIGHT,-$2000.00,,ANI TRANSPORT  FREIGHT,Imagen de WhatsApp 2025-03-25 a las 17.34.39_c2f120af.jpg (https://v5.airtableusercontent.com/v3/u/53/53/1778220000000/usjMwg_Ik4sHIxS5fHFXGQ/1BUcKT9zeecugyUUbSqPRhWKd5U1qQe-1UvX10-wEEBY8nHhzXa_S5-hnChyJhVzmFfRn9mNTlXHw4bJ5Lb1zPekUROSEzmVX55kKD_qQ2PnZ0aczsq2pOVQuaIX75Wo33slgDtVfC7G0EvkFamM5tyh-HwKuhbsJyeBY0DGM5reORrBni4jMq-rQec1Ov50ZEGp3osJv9RdUZdx64gTZQ/bX_07GmH_ptRN-yy9nLvY_QeDf9OFZMqp4sPnQic904),
2025,MAR,2025-03-25,SOUTH TEXAS FUEL,-$6000.00,,SOUTH TEXAS FUEL,Imagen de WhatsApp 2025-03-25 a las 16.39.14_a4c6feac.jpg (https://v5.airtableusercontent.com/v3/u/53/53/1778220000000/ITjA78MIEn2XwFT6W7o2ng/XQe0xP4WvSfvt9dJaJNu-wSNqNdj3PG6Xi2f5UKowOXMVlWMaC5Fw4-oowefbZl_irXdaaViJglH8mhQIj7ZIBcsM9CMbxnNhHalanI6UjY0fZcl3I67zsL3L69MXynmbu8Cm7u0i_tuRP7-YnEf9tPSayu5SinK6sZ1TINGcrAAR0yyGVPBtUS5CiEjAOnYHfK9gSTtcuRnUgGQmZgmNQ/cCuiCJ8NL1PfO8iAdunnFYatWOTT6Ta5VU1-0NXtATk),
2025,MAR,2025-03-25,JCH,-$4400.00,,JCH,Imagen de WhatsApp 2025-03-25 a las 16.34.38_c0265064.jpg (https://v5.airtableusercontent.com/v3/u/53/53/1778220000000/HOQLA66nK4DQ6rFxrlbaiw/468T2IbidYwKMQCI9XAMWpudIwBoj1Uf9-hyK8PY0kOfliNn86TLgsx2laMvAMjCBwrQMrWyngKKJEuAAl01ulf7Y2C1jykOuGVUQuj1uSkvl0pK2hAm0_ArFYby4wsSPLgdCn4KuL7aVw0lOGk6hw_heEwxNZQ3Cyohzn8k-SlYl0YayTgnZ2rgwlnyRkqP5qDgAFG-ARhqnFf51iOeqg/Q-PRcVDEYk7sZ_QJ_c4ADsd7-lSMl1-mC4g3i_8CJyY),
2025,MAR,2025-03-25,SOUTH TEXAS,-$23400.00,,SOUTH TEXAS,Imagen de WhatsApp 2025-03-25 a las 17.55.32_19c63e81.jpg (https://v5.airtableusercontent.com/v3/u/53/53/1778220000000/Zbw2HRLmDTbDkWIweFtDYg/yGi--CSIOxJXj--CvFxlFE4mcK6WlAXjridrBKZM-NzYCPP28wjjn7SLAGZPSImSMmd1WFASmwcwwZy_ItnPIHtCV85gMZmxKjgY0RjHYh2FkzwndZrH_jEn4fcLsNqq7Fh2-WxQgSwXNw1wS22npFG2K1FE-eUQmCSmsjf1unZYYJt5bJdBXEncoUfqsK_j1TSzvk354bz8FfX2qAX90A/YEPIy17b8hqDBQaKTG9h9DjtfpLe3ZZNjlwqjIxXpGA),
2025,MAR,2025-03-25,SOUTH TEXAS,-$17600.00,,SOUTH TEXAS,Imagen de WhatsApp 2025-03-25 a las 17.56.19_bedb0fc0.jpg (https://v5.airtableusercontent.com/v3/u/53/53/1778220000000/0B99-92wzuBUsk9jTMkUSQ/3XVQFe4VenEygxA2YAgCiocClyERyMSaFyzZcMb5yTA794_zwygPsKjjCZGpKj6iB4kj-FnT9tGxFEv0QksXiQdH0Rk3ZWoglbyH-J97Ka6cTtozYzEYejW06WPRiRpAdCbhx6DDlWcH0K3xjd_kXYuH8BjCxWiAO6IR2QnrHDhwb3DpaRKlQNohCCUIj8rD4-iFoE4mq1Z4J7YrbCuZyw/Nyp97xivSntLfgxiZxhU7GxyV7IoYDutc4c06z9xFP4),
2025,MAR,2025-03-25,RHINO,-$5800.00,,RHINO,Imagen de WhatsApp 2025-03-25 a las 19.36.21_2d08d27a.jpg (https://v5.airtableusercontent.com/v3/u/53/53/1778220000000/0NdCKj7HkgJbt7kFsLZVEw/ivAUuBeTPS0vZtIxnhKvkS8Haxsq-6MLXVgePfnUOZxI6tZM_vaq9aC2kNIQ9EQWyyJDF0qdWvIqGmAkI4UT7M8oZDmp9TbZUibxlBdVJXIXFliYcfqyfHhqZJuUVO4so12vx8bdO_KfephSJ_oOxK7J0gjWqQQ0t5qHlZpeqFLEkSmMgxQBVBjCyQ-0HsRMT5EKjIQK3srrdTFHJ-0ZZA/xWKZfcWaLpOIkJn0m-sriHPZZyjLsWodnBIH3uqucvM),
2025,MAR,2025-03-25,New Lion,-$24000.00,,New Lion,Imagen de WhatsApp 2025-03-25 a las 17.34.39_c2f120af.jpg (https://v5.airtableusercontent.com/v3/u/53/53/1778220000000/5q_Ugnjl4KKhRvWQNFUfPA/Bz4zIRHsZtFn8GvDaxpuHmbwa8Q0ujZ_rpBsakMG9hQ4iljEdf8FB9pzpxqI1YDl8cc6Ry5VMf6oGe9_v98w5-L5poCWh0NfOxsnZAbZIRyl_N-VDYhTTIhb_Zu-grW1Wo7MDEaETQhO-Ox_H4nfq562zNcR7vZZ9XW9Q4qSfRp_iCXqj0VjJGkZ9DGXH2pGVez_rxlWEEiiOTtH65C-3g/1q2AKnqR3QELkV8brSJ8XiWiZtzRIMTcMfomyeHSGb8),
2025,MAY,2025-05-05,RHINO,,-$1400.00,RHINO,,
2025,MAY,2025-05-06,SOUTH TEXAS FUEL,-$4200.00,,SOUTH TEXAS FUEL,Imagen de WhatsApp 2025-05-06 a las 13.40.02_09f6bb26.jpg (https://v5.airtableusercontent.com/v3/u/53/53/1778220000000/ZeQCzteSGIYzlRDWbao65Q/AzOYEtRQcMmJWa64qx3SojJEjMXwuEN0Dp7K9BnRnJwt4ySy-i7dW9yuirqq_sV0P4VOAiQqXphu3Yecoo6Y4uazfqmNhcmJJPrkKUZPVJlPE7nqQmOrVGhL6KrdAQTsjX-IOGfb5AhbUiPjqVMj-09JTshGdq0fdTZ5mwtwpNGJJga8MX57C1W-LAQO0h2urYBfZIUL-k7cHrhCcK8UGQ/0vklLhcldrPIOM8xZTGmufcY1vfdKfZpBU446kvesk8),
2025,MAY,2025-05-05,RHINO,,-$1400.00,RHINO,,
2025,SEP,2025-09-24,BTO,,-$1200.00,BTO TRANSPORT,,
2025,SEP,2025-09-24,BTO,-$3000.00,,BTO TRANSPORT,BTO TRANSPORT LLC (Receipt).pdf (https://v5.airtableusercontent.com/v3/u/53/53/1778220000000/cm5eu7nbiQv0TiYhVICjpQ/a4ht_hMYLgKuyZKPYfVT8sKpY1tx3UUauLg9Ew85XHUlGx8foMjQP63pKh4E1SDZsa9M7p1FCKCMGzK-NFfZF2azenoGhS-iO--BGAgWcJkFNky37jadOZ37GRckpc4Vraeh5o2XO7PZgUnB0vDlKWYM7EBqdAm9NkXWVTup2gRzN1-0cp5TYXnvq0m3_Q5L/DPMQpX_H6tLv8dpj_nVHyNSQvAuyeLm1gAcR2VYx5Lc),
2026,,,,,,,,
2026,JAN,2026-01-30,Alexis Supplier,,,Alexis Supplier,,Fletes
2026,JAN,2026-01-30,Alexis Supplier,,,Alexis Supplier,,Carretera
2026,JAN,2026-01-30,Alexis Supplier,,,Alexis Supplier,,Transfer
2026,JAN,2026-01-30,Alexis Supplier,,,Alexis Supplier,,Alexis