Name,Notes,Year,Month,SUM Margin,Bank,CATEGORY (from Bank),SUM Debit,result,Margin vs OPEX
January,,2024,January,$457578.21,"Jan-24,Jan-24,Jan-24,Jan-24,Jan-24,Jan-24,Jan-24,Jan-24,Jan-24,Jan-24,Jan-24,Jan-24,Jan-24,Jan-24,Jan-24,Jan-24,Jan-24,Jan-24,Jan-24,Jan-24,Jan-24,Jan-24,Jan-24,Jan-24,Jan-24,Jan-24,Jan-24,Jan-24,Jan-24,Jan-24,Jan-24,Jan-24,Jan-24,Jan-24,Jan-24,Jan-24,Jan-24,Jan-24,Jan-24,Jan-24,Jan-24,Jan-24,Jan-24,Jan-24,Jan-24,Jan-24,Jan-24,Jan-24,Jan-24,Jan-24,Jan-24,Jan-24,Jan-24,Jan-24,Jan-24,Jan-24,Jan-24,Jan-24,Jan-24,Jan-24,Jan-24,Jan-24,Jan-24,Jan-24,Jan-24,Jan-24,Jan-24,Jan-24,Jan-24,Jan-24,Jan-24,Jan-24,Jan-24,Jan-24,Jan-24,Jan-24,Jan-24,Jan-24,Jan-24,Jan-24,Jan-24,Jan-24,Jan-24,Jan-24,Jan-24,Jan-24,Jan-24,Jan-24,Jan-24,Jan-24,Jan-24,Jan-24,Jan-24,Jan-24,Jan-24,Jan-24,Jan-24,Jan-24,Jan-24,Jan-24,Jan-24,Jan-24,Jan-24,Jan-24,Jan-24,Jan-24,Jan-24,Jan-24,Jan-24,Jan-24,Jan-24,Jan-24,Jan-24,Jan-24,Jan-24,Jan-24","Owner Compensation,Interest Expense,Interest Expense,Interest Expense,Interest Expense,Interest Expense,Interest Expense,Interest Expense,Interest Expense,Operating Expenses,Operating Expenses,Interest Expense,Interest Expense,Interest Expense,Operating Expenses,Operating Expenses,Interest Expense,Interest Expense,Interest Expense,Operating Expenses,Interest Expense,Interest Expense,Interest Expense,Interest Expense,Interest Expense,Operating Expenses,Interest Expense,Interest Expense,Operating Expenses,Interest Expense,Operating Expenses,Interest Expense,Interest Expense,Operating Expenses,Operating Expenses,Operating Expenses,Interest Expense,Operating Expenses,Interest Expense,Interest Expense,Operating Expenses,Interest Expense,Interest Expense,Interest Expense,Interest Expense,Operating Expenses,Operating Expenses,Interest Expense,Interest Expense,Operating Expenses,Operating Expenses,Operating Expenses,Interest Expense,Interest Expense,Interest Expense,Operating Expenses,Operating Expenses,Operating Expenses,Operating Expenses,Operating Expenses,Operating Expenses,Interest Expense,Interest Expense,Interest Expense,Interest Expense,Interest Expense,Operating Expenses,Operating Expenses,Operating Expenses,Operating Expenses,Operating Expenses,Interest Expense,Operating Expenses,Operating Expenses,Operating Expenses,Operating Expenses,Operating Expenses,Interest Expense,Operating Expenses,Interest Expense,Operating Expenses,Interest Expense,Interest Expense,Interest Expense,Interest Expense,Operating Expenses,Interest Expense,Interest Expense,Interest Expense,Interest Expense,Interest Expense,Interest Expense,Interest Expense,Interest Expense,Operating Expenses,Interest Expense,Interest Expense,Interest Expense,Interest Expense,Operating Expenses,Interest Expense,Interest Expense,Operating Expenses,Owner Compensation,Operating Expenses,Operating Expenses,Owner Compensation,Interest Expense,Interest Expense,Interest Expense,Interest Expense,Interest Expense,Operating Expenses,Operating Expenses,Operating Expenses,Operating Expenses",$237951.27,$219626.94,"January,January"
January,,2025,January,$1106993.70,"Jan-25,Jan-25,Jan-25,Jan-25,Jan-25,Jan-25,Jan-25,Jan-25,Jan-25,Jan-25,Jan-25,Jan-25,Jan-25,Jan-25,Jan-25,Jan-25,Jan-25,Jan-25,Jan-25,Jan-25,Jan-25,Jan-25,Jan-25,Jan-25,Jan-25,Jan-25,Jan-25,Jan-25,Jan-25,Jan-25,Jan-25,Jan-25,Jan-25,Jan-25,Jan-25,Jan-25,Jan-25,Jan-25,Jan-25,Jan-25,Jan-25,Jan-25","Owner Compensation,Owner Compensation,Operating Expenses,Operating Expenses,Operating Expenses,Operating Expenses,Interest Expense,Owner Compensation,Operating Expenses,Operating Expenses,Operating Expenses,Operating Expenses,Operating Expenses,Operating Expenses,Owner Compensation,Owner Compensation,Owner Compensation,Operating Expenses,Operating Expenses,Operating Expenses,Operating Expenses,Operating Expenses,Owner Compensation,Operating Expenses,Operating Expenses,Owner Compensation,Operating Expenses,Operating Expenses,Owner Compensation,Owner Compensation,Owner Compensation,Owner Compensation,Owner Compensation,Owner Compensation,Owner Compensation,Operating Expenses,Operating Expenses,Operating Expenses,Owner Compensation,Operating Expenses,Owners Expenses,Operating Expenses",$618995.46,$487998.24,"January,January"
February,,2025,February,$917261.95,"Feb-25,Feb-25,Feb-25,Feb-25,Feb-25,Feb-25,Feb-25,Feb-25,Feb-25,Feb-25,Feb-25,Feb-25,Feb-25,Feb-25,Feb-25,Feb-25,Feb-25,Feb-25,Feb-25,Feb-25,Feb-25,Feb-25,Feb-25,Feb-25,Feb-25,Feb-25,Feb-25,Feb-25,Feb-25,Feb-25,Feb-25,Feb-25,Feb-25,Feb-25,Feb-25,Feb-25,Feb-25,Feb-25,Feb-25,Feb-25,Feb-25,Feb-25,Feb-25,Feb-25,Feb-25,Feb-25,Feb-25,Feb-25","Operating Expenses,Owner Compensation,Owner Compensation,Operating Expenses,Operating Expenses,Owner Compensation,Operating Expenses,Operating Expenses,Operating Expenses,Operating Expenses,Operating Expenses,Owner Compensation,Operating Expenses,Operating Expenses,Owner Compensation,Operating Expenses,Operating Expenses,Owner Compensation,Operating Expenses,Operating Expenses,Operating Expenses,Owner Compensation,Owner Compensation,Owner Compensation,Owner Compensation,Owner Compensation,Owner Compensation,Operating Expenses,Operating Expenses,Owner Compensation,Owner Compensation,Owner Compensation,Owner Compensation,Operating Expenses,Operating Expenses,Operating Expenses,Owner Compensation,Owner Compensation,Owner Compensation,Owner Compensation,Owner Compensation,Owner Compensation,Operating Expenses,Operating Expenses,Operating Expenses,Owner Compensation,Owners Expenses,Operating Expenses",$431382.27,$485879.68,"February,February"
March,,2025,March,$539181.92,"Mar-25,Mar-25,Mar-25,Mar-25,Mar-25,Mar-25,Mar-25,Mar-25,Mar-25,Mar-25,Mar-25,Mar-25,Mar-25,Mar-25,Mar-25,Mar-25,Mar-25,Mar-25,Mar-25,Mar-25,Mar-25,Mar-25,Mar-25,Mar-25,Mar-25,Mar-25,Mar-25,Mar-25,Mar-25,Mar-25,Mar-25,Mar-25,Mar-25,Mar-25,Mar-25,Mar-25,Mar-25,Mar-25,Mar-25","Operating Expenses,Operating Expenses,Operating Expenses,Operating Expenses,Operating Expenses,Operating Expenses,Owner Compensation,Operating Expenses,Owner Compensation,Operating Expenses,Operating Expenses,Owner Compensation,Owner Compensation,Operating Expenses,Operating Expenses,Operating Expenses,Owner Compensation,Operating Expenses,Owner Compensation,Operating Expenses,Owner Compensation,Operating Expenses,Owner Compensation,Operating Expenses,Operating Expenses,Operating Expenses,Owner Compensation,Owner Compensation,Owner Compensation,Owner Compensation,Owner Compensation,Owner Compensation,Owner Compensation,Owner Compensation,Owner Compensation,Owner Compensation,Owner Compensation,Owner Compensation,Operating Expenses",$439956.55,$99225.37,"March,March"
April,,2025,April,$395120.74,"Apr-25,Apr-25,Apr-25,Apr-25,Apr-25,Apr-25,Apr-25,Apr-25,Apr-25,Apr-25,Apr-25,Apr-25,Apr-25,Apr-25,Apr-25,Apr-25,Apr-25,Apr-25,Apr-25,Apr-25,Apr-25,Apr-25,Apr-25,Apr-25,Apr-25,Apr-25,Apr-25,Apr-25,Apr-25,Apr-25,Apr-25,Apr-25,Apr-25,Apr-25,Apr-25,Apr-25,Apr-25,Apr-25,Apr-25,Apr-25,Apr-25,Apr-25,Apr-25","Operating Expenses,Operating Expenses,Operating Expenses,Operating Expenses,Operating Expenses,Operating Expenses,Operating Expenses,Operating Expenses,Operating Expenses,Operating Expenses,Operating Expenses,Owner Compensation,Operating Expenses,Owner Compensation,Operating Expenses,Owner Compensation,Owner Compensation,Owner Compensation,Owner Compensation,Operating Expenses,Owner Compensation,Owner Compensation,Operating Expenses,Owner Compensation,Owner Compensation,Owner Compensation,Owner Compensation,Owner Compensation,Operating Expenses,Owner Compensation,Operating Expenses,Operating Expenses,Owner Compensation,Owner Compensation,Owner Compensation,Owner Compensation,Owner Compensation,Owner Compensation,Owner Compensation,Owner Compensation,Owner Compensation,Owner Compensation,Operating Expenses",$361901.93,$33218.81,"April,April"
May,,2025,May,$673478.29,"May-25,May-25,May-25,May-25,May-25,May-25,May-25,May-25,May-25,May-25,May-25,May-25,May-25,May-25,May-25,May-25,May-25,May-25,May-25,May-25,May-25,May-25,May-25,May-25,May-25,May-25,May-25,May-25,May-25,May-25,May-25,May-25,May-25,May-25,May-25,May-25,May-25,May-25,May-25,May-25,May-25,May-25,May-25,May-25,May-25,May-25,May-25,May-25,May-25,May-25,May-25,May-25,May-25,May-25","Owner Compensation,Owner Compensation,Owner Compensation,Operating Expenses,Operating Expenses,Operating Expenses,Operating Expenses,Operating Expenses,Operating Expenses,Operating Expenses,Operating Expenses,Operating Expenses,Operating Expenses,Owner Compensation,Operating Expenses,Operating Expenses,Operating Expenses,Operating Expenses,Owner Compensation,Operating Expenses,Owner Compensation,Operating Expenses,Owner Compensation,Owner Compensation,Owner Compensation,Owner Compensation,Owner Compensation,Owner Compensation,Owner Compensation,Owner Compensation,Owner Compensation,Owner Compensation,Owner Compensation,Operating Expenses,Owner Compensation,Owner Compensation,Owner Compensation,Owner Compensation,Owner Compensation,Owner Compensation,Owner Compensation,Owner Compensation,Owner Compensation,Owner Compensation,Owner Compensation,Owner Compensation,Owner Compensation,Owner Compensation,Owner Compensation,Owner Compensation,Owner Compensation,Owner Compensation,Operating Expenses,Owner Compensation",$565400.82,$108077.47,"May ,May "
June 2025,,2025,June,$604952.86,"Jun-25,Jun-25,Jun-25,Jun-25,Jun-25,Jun-25,Jun-25,Jun-25,Jun-25,Jun-25,Jun-25,Jun-25,Jun-25,Jun-25,Jun-25,Jun-25,Jun-25,Jun-25,Jun-25,Jun-25,Jun-25,Jun-25,Jun-25,Jun-25,Jun-25,Jun-25,Jun-25,Jun-25,Jun-25,Jun-25,Jun-25,Jun-25,Jun-25,Jun-25,Jun-25,Jun-25,Jun-25,Jun-25,Jun-25,Jun-25,Jun-25,Jun-25,Jun-25,Jun-25,Jun-25,Jun-25,Jun-25,Jun-25,Jun-25,Jun-25,Jun-25,Jun-25,Jun-25,Jun-25,Jun-25,Jun-25,Jun-25,Jun-25,Jun-25,Jun-25,Jun-25,Jun-25,Jun-25","Operating Expenses,Operating Expenses,Operating Expenses,Operating Expenses,Operating Expenses,Operating Expenses,Operating Expenses,Operating Expenses,Owner Compensation,Owner Compensation,Operating Expenses,Owner Compensation,Operating Expenses,Owner Compensation,Operating Expenses,Operating Expenses,Operating Expenses,Operating Expenses,Owner Compensation,Owner Compensation,Owner Compensation,Operating Expenses,Operating Expenses,Operating Expenses,Operating Expenses,Operating Expenses,Operating Expenses,Owner Compensation,Owner Compensation,Operating Expenses,Operating Expenses,Operating Expenses,Operating Expenses,Operating Expenses,Operating Expenses,Operating Expenses,Operating Expenses,Owner Compensation,Operating Expenses,Operating Expenses,Operating Expenses,Operating Expenses,Operating Expenses,Operating Expenses,Operating Expenses,Operating Expenses,Owner Compensation,Owner Compensation,Operating Expenses,Owner Compensation,Owner Compensation,Owner Compensation,Owner Compensation,Owner Compensation,Owner Compensation,Operating Expenses,Owner Compensation,Owner Compensation,Owner Compensation,Owner Compensation,Owner Compensation,Owner Compensation,Operating Expenses",$557666.18,$47286.68,"June,June"
July 2025,,2025,July,$579322.65,"Jul-25,Jul-25,Jul-25,Jul-25,Jul-25,Jul-25,Jul-25,Jul-25,Jul-25,Jul-25,Jul-25,Jul-25,Jul-25,Jul-25,Jul-25,Jul-25,Jul-25,Jul-25,Jul-25,Jul-25,Jul-25,Jul-25,Jul-25,Jul-25,Jul-25,Jul-25,Jul-25,Jul-25,Jul-25,Jul-25,Jul-25,Jul-25,Jul-25,Jul-25,Jul-25,Jul-25,Jul-25,Jul-25,Jul-25,Jul-25,Jul-25,Jul-25,Jul-25,Jul-25,Jul-25,Jul-25,Jul-25,Jul-25,Jul-25,Jul-25","Operating Expenses,Operating Expenses,Operating Expenses,Operating Expenses,Operating Expenses,Operating Expenses,Operating Expenses,Operating Expenses,Owner Compensation,Owner Compensation,Operating Expenses,Operating Expenses,Owner Compensation,Operating Expenses,Operating Expenses,Operating Expenses,Owner Compensation,Owner Compensation,Owner Compensation,Owner Compensation,Owner Compensation,Owner Compensation,Owner Compensation,Operating Expenses,Operating Expenses,Owner Compensation,Owner Compensation,Owner Compensation,Owner Compensation,Owner Compensation,Owner Compensation,Owner Compensation,Owner Compensation,Operating Expenses,Owner Compensation,Owner Compensation,Owner Compensation,Operating Expenses,Owner Compensation,Owner Compensation,Owner Compensation,Owner Compensation,Owner Compensation,Owner Compensation,Operating Expenses,Operating Expenses,Owner Compensation,Operating Expenses,Owner Compensation,Operating Expenses",$550507.47,$28815.18,
August 2025,,2025,August,$590398.32,"Aug-25,Aug-25,Aug-25,Aug-25,Aug-25,Aug-25,Aug-25,Aug-25,Aug-25,Aug-25,Aug-25,Aug-25,Aug-25,Aug-25,Aug-25,Aug-25,Aug-25,Aug-25,Aug-25,Aug-25,Aug-25,Aug-25,Aug-25,Aug-25,Aug-25,Aug-25,Aug-25,Aug-25,Aug-25,Aug-25,Aug-25,Aug-25,Aug-25,Aug-25,Aug-25,Aug-25,Aug-25,Aug-25,Aug-25,Aug-25,Aug-25,Aug-25,Aug-25,Aug-25,Aug-25,Aug-25,Aug-25,Aug-25,Aug-25,Aug-25","Operating Expenses,Owner Compensation,Operating Expenses,Operating Expenses,Owner Compensation,Operating Expenses,Operating Expenses,Operating Expenses,Operating Expenses,Operating Expenses,Operating Expenses,Operating Expenses,Operating Expenses,Operating Expenses,Operating Expenses,Operating Expenses,Owner Compensation,Owner Compensation,Owner Compensation,Owner Compensation,Owner Compensation,Owner Compensation,Owner Compensation,Operating Expenses,Operating Expenses,Owner Compensation,Owner Compensation,Owner Compensation,Operating Expenses,Owner Compensation,Owner Compensation,Owner Compensation,Owner Compensation,Owner Compensation,Owner Compensation,Owner Compensation,Owner Compensation,Owner Compensation,Owner Compensation,Owner Compensation,Owner Compensation,Owner Compensation,Owner Compensation,Owner Compensation,Owner Compensation,Owner Compensation,Operating Expenses,Operating Expenses,Owners Expenses,Owners Expenses",$784527.13,-$194128.81,
September,2025,2025,September,$757085.31,"Sep-25,Sep-25,Sep-25,Sep-25,Sep-25,Sep-25,Sep-25,Sep-25,Sep-25,Sep-25,Sep-25,Sep-25,Sep-25,Sep-25,Sep-25,Sep-25,Sep-25,Sep-25,Sep-25,Sep-25,Sep-25,Sep-25,Sep-25,Sep-25,Sep-25,Sep-25,Sep-25,Sep-25,Sep-25,Sep-25,Sep-25,Sep-25,Sep-25,Sep-25,Sep-25,Sep-25,Sep-25,Sep-25,Sep-25,Sep-25,Sep-25,Sep-25,Sep-25,Sep-25,Sep-25,Sep-25,Sep-25,Sep-25,Sep-25,Sep-25,Sep-25,Sep-25,Sep-25,Sep-25,Sep-25,Sep-25,Sep-25,Sep-25,Sep-25,Sep-25,Sep-25,Sep-25,Sep-25,Sep-25,Sep-25,Sep-25,Sep-25","Owner Compensation,Owner Compensation,Operating Expenses,Owner Compensation,Owner Compensation,Operating Expenses,Owner Compensation,Owner Compensation,Owner Compensation,Operating Expenses,Operating Expenses,Operating Expenses,Operating Expenses,Operating Expenses,Operating Expenses,Operating Expenses,Operating Expenses,Operating Expenses,Operating Expenses,Operating Expenses,Owner Compensation,Operating Expenses,Owner Compensation,Operating Expenses,Owner Compensation,Operating Expenses,Operating Expenses,Operating Expenses,Owner Compensation,Operating Expenses,Owner Compensation,Operating Expenses,Owner Compensation,Owner Compensation,Operating Expenses,Owner Compensation,Owner Compensation,Owner Compensation,Owner Compensation,Owner Compensation,Owner Compensation,Owner Compensation,Owner Compensation,Owner Compensation,Owner Compensation,Owner Compensation,Owner Compensation,Owner Compensation,Owner Compensation,Owner Compensation,Owner Compensation,Owner Compensation,Owner Compensation,Owner Compensation,Owner Compensation,Owner Compensation,Owner Compensation,Operating Expenses,Operating Expenses,Owner Compensation,Owner Compensation,Owner Compensation,Owner Compensation,Owner Compensation,Operating Expenses,Owners Expenses,Operating Expenses",$706924.21,$50161.10,"September,September"
October,2025,2025,October,$231284.50,"Oct-25,Oct-25,Oct-25,Oct-25,Oct-25,Oct-25,Oct-25,Oct-25,Oct-25,Oct-25,Oct-25,Oct-25,Oct-25,Oct-25,Oct-25,Oct-25,Oct-25,Oct-25,Oct-25,Oct-25,Oct-25,Oct-25,Oct-25,Oct-25,Oct-25,Oct-25,Oct-25,Oct-25,Oct-25,Oct-25,Oct-25,Oct-25,Oct-25,Oct-25,Oct-25,Oct-25,Oct-25,Oct-25,Oct-25,Oct-25,Oct-25,Oct-25,Oct-25,Oct-25,Oct-25,Oct-25,Oct-25,Oct-25,Oct-25,Oct-25,Oct-25,Oct-25,Oct-25,Oct-25,Oct-25","Operating Expenses,Owner Compensation,Owner Compensation,Owner Compensation,Operating Expenses,Operating Expenses,Operating Expenses,Operating Expenses,Operating Expenses,Operating Expenses,Operating Expenses,Operating Expenses,Owner Compensation,Operating Expenses,Owner Compensation,Operating Expenses,Owner Compensation,Operating Expenses,Operating Expenses,Operating Expenses,Owner Compensation,Operating Expenses,Operating Expenses,Owner Compensation,Owner Compensation,Owner Compensation,Owner Compensation,Operating Expenses,Owner Compensation,Owner Compensation,Owner Compensation,Owner Compensation,Owner Compensation,Owner Compensation,Owner Compensation,Owner Compensation,Owner Compensation,Owner Compensation,Owner Compensation,Owner Compensation,Owner Compensation,Owner Compensation,Owner Compensation,Operating Expenses,Owner Compensation,Operating Expenses,Owner Compensation,Owner Compensation,Owner Compensation,Owner Compensation,Owner Compensation,Owner Compensation,Owner Compensation,Owner Compensation,Operating Expenses",$497795.39,-$266510.89,
November,"2025
",2025,November,$8559.17,"Nov-25,Nov-25,Nov-25,Nov-25,Nov-25,Nov-25,Nov-25,Nov-25,Nov-25,Nov-25,Nov-25 ,Nov-25,Nov-25,Nov-25,Nov-25,Nov-25,Nov-25,Nov-25,Nov-25,Nov-25,Nov-25,Nov-25,Nov-25,Nov-25,Nov-25,Nov-25,Nov-25,Nov-25,Nov-25,Nov-25,Nov-25,Nov-25,Nov-25,Nov-25,Nov-25,Nov-25,Nov-25,Nov-25,Nov-25,Nov-25,Nov-25","Operating Expenses,Owner Compensation,Owner Compensation,Operating Expenses,Operating Expenses,Owner Compensation,Owner Compensation,Operating Expenses,Operating Expenses,Operating Expenses,Operating Expenses,Owner Compensation,Owner Compensation,Operating Expenses,Operating Expenses,Owner Compensation,Operating Expenses,Owner Compensation,Owner Compensation,Owner Compensation,Owner Compensation,Owner Compensation,Operating Expenses,Operating Expenses,Owner Compensation,Owner Compensation,Owner Compensation,Operating Expenses,Owner Compensation,Operating Expenses,Owner Compensation,Operating Expenses,Operating Expenses,Operating Expenses,Owner Compensation,Operating Expenses,Operating Expenses,Operating Expenses,Owner Compensation",$404602.21,-$396043.04,
December,2025,2025,December,$8208.00,"Dec-25,Dec-25,Dec-25,Dec-25,Dec-25,Dec-25,Dec-25,Dec-25,Dec-25,Dec-25,Dec-25,Dec-25,Dec-25,Dec-25,Dec-25,Dec-25,Dec-25,Dec-25,Dec-25,Dec-25,Dec-25,Dec-25,Dec-25,Dec-25,Dec-25,Dec-25,Dec-25,Dec-25,Dec-25,Dec-25,Dec-25,Dec-25,Dec-25,Dec-25,Dec-25,Dec-25,Dec-25,Dec-25,Dec-25,Dec-25,Dec-25,Dec-25,Dec-25,Dec-25,Dec-25,Dec-25,Dec-25,Dec-25,Dec-25,Dec-25,Dec-25,Dec-25,Dec-25,Dec-25,Dec-25,Dec-25,Dec-25","Operating Expenses,Operating Expenses,Operating Expenses,Operating Expenses,Operating Expenses,Operating Expenses,Operating Expenses,Operating Expenses,Operating Expenses,Operating Expenses,Operating Expenses,Operating Expenses,Operating Expenses,Operating Expenses,Operating Expenses,Operating Expenses,Operating Expenses,Operating Expenses,Owner Compensation,Owner Compensation,Operating Expenses,Owner Compensation,Operating Expenses,Operating Expenses,Owner Compensation,Owner Compensation,Owner Compensation,Owner Compensation,Operating Expenses,Operating Expenses,Operating Expenses,Owner Compensation,Owner Compensation,Owner Compensation,Owner Compensation,Owner Compensation,Owner Compensation,Owner Compensation,Owner Compensation,Owner Compensation,Owner Compensation,Owner Compensation,Operating Expenses,Owner Compensation,Owner Compensation,Owner Compensation,Owner Compensation,Operating Expenses,Owner Compensation,Owner Compensation,Owner Compensation,Owner Compensation,Owner Compensation,Owner Compensation,Owner Compensation,Operating Expenses,Owners Expenses",$523455.27,-$515247.27,
February,,2024,February,$623022.89,"Feb-24,Feb-24,Feb-24,Feb-24,Feb-24,Feb-24,Feb-24,Feb-24,Feb-24,Feb-24,Feb-24,Feb-24,Feb-24,Feb-24,Feb-24,Feb-24,Feb-24,Feb-24,Feb-24,Feb-24,Feb-24,Feb-24,Feb-24,Feb-24,Feb-24,Feb-24,Feb-24,Feb-24,Feb-24,Feb-24,Feb-24,Feb-24,Feb-24,Feb-24,Feb-24,Feb-24,Feb-24,Feb-24,Feb-24,Feb-24,Feb-24,Feb-24,Feb-24,Feb-24,Feb-24,Feb-24,Feb-24,Feb-24,Feb-24,Feb-24,Feb-24,Feb-24,Feb-24,Feb-24,Feb-24,Feb-24,Feb-24,Feb-24,Feb-24,Feb-24,Feb-24,Feb-24,Feb-24,Feb-24,Feb-24,Feb-24,Feb-24,Feb-24,Feb-24,Feb-24,Feb-24,Feb-24,Feb-24,Feb-24,Feb-24,Feb-24,Feb-24,Feb-24,Feb-24,Feb-24,Feb-24,Feb-24,Feb-24,Feb-24,Feb-24,Feb-24,Feb-24,Feb-24,Feb-24,Feb-24,Feb-24,Feb-24,Feb-24,Feb-24,Feb-24,Feb-24,Feb-24,Feb-24,Feb-24,Feb-24,Feb-24,Feb-24,Feb-24,Feb-24,Feb-24,Feb-24,Feb-24","Operating Expenses,Interest Expense,Interest Expense,Interest Expense,Interest Expense,Interest Expense,Interest Expense,Operating Expenses,Interest Expense,Interest Expense,Interest Expense,Operating Expenses,Interest Expense,Interest Expense,Interest Expense,Interest Expense,Interest Expense,Interest Expense,Operating Expenses,Operating Expenses,Operating Expenses,Operating Expenses,Interest Expense,Interest Expense,Interest Expense,Operating Expenses,Interest Expense,Interest Expense,Interest Expense,Operating Expenses,Interest Expense,Interest Expense,Operating Expenses,Interest Expense,Operating Expenses,Operating Expenses,Operating Expenses,Operating Expenses,Interest Expense,Interest Expense,Interest Expense,Operating Expenses,Operating Expenses,Interest Expense,Interest Expense,Operating Expenses,Interest Expense,Interest Expense,Interest Expense,Operating Expenses,Interest Expense,Operating Expenses,Interest Expense,Interest Expense,Operating Expenses,Operating Expenses,Interest Expense,Interest Expense,Operating Expenses,Interest Expense,Interest Expense,Operating Expenses,Interest Expense,Interest Expense,Operating Expenses,Interest Expense,Interest Expense,Operating Expenses,Operating Expenses,Interest Expense,Interest Expense,Interest Expense,Operating Expenses,Operating Expenses,Interest Expense,Interest Expense,Operating Expenses,Interest Expense,Interest Expense,Interest Expense,Interest Expense,Interest Expense,Interest Expense,Operating Expenses,Interest Expense,Operating Expenses,Interest Expense,Operating Expenses,Operating Expenses,Interest Expense,Operating Expenses,Interest Expense,Operating Expenses,Interest Expense,Operating Expenses,Interest Expense,Interest Expense,Owner Compensation,Operating Expenses,Operating Expenses,Operating Expenses,Operating Expenses,Operating Expenses,Operating Expenses,Operating Expenses,Owner Compensation,Interest Expense",$426122.65,$196900.24,"February,February"
March,,2024,March,$500207.85,"Mar-24,Mar-24,Mar-24,Mar-24,Mar-24,Mar-24,Mar-24,Mar-24,Mar-24,Mar-24,Mar-24,Mar-24,Mar-24,Mar-24,Mar-24,Mar-24,Mar-24,Mar-24,Mar-24,Mar-24,Mar-24,Mar-24,Mar-24,Mar-24,Mar-24,Mar-24,Mar-24,Mar-24,Mar-24,Mar-24,Mar-24,Mar-24,Mar-24,Mar-24,Mar-24,Mar-24,Mar-24,Mar-24,Mar-24,Mar-24,Mar-24,Mar-24,Mar-24,Mar-24,Mar-24,Mar-24,Mar-24,Mar-24,Mar-24,Mar-24,Mar-24,Mar-24,Mar-24,Mar-24,Mar-24,Mar-24,Mar-24,Mar-24,Mar-24,Mar-24,Mar-24,Mar-24,Mar-24,Mar-24,Mar-24,Mar-24,Mar-24,Mar-24,Mar-24,Mar-24,Mar-24,Mar-24,Mar-24,Mar-24,Mar-24,Mar-24,Mar-24,Mar-24,Mar-24,Mar-24,Mar-24,Mar-24,Mar-24,Mar-24,Mar-24,Mar-24,Mar-24,Mar-24,Mar-24,Mar-24,Mar-24,Mar-24,Mar-24,Mar-24,Mar-24,Mar-24,Mar-24,Mar-24,Mar-24,Mar-24,Mar-24,Mar-24,Mar-24,Mar-24,Mar-24,Mar-24,Mar-24,Mar-24,Mar-24,Mar-24,Mar-24,Mar-24,Mar-24","Interest Expense,Interest Expense,Interest Expense,Operating Expenses,Interest Expense,Operating Expenses,Operating Expenses,Interest Expense,Interest Expense,Interest Expense,Interest Expense,Interest Expense,Operating Expenses,Interest Expense,Interest Expense,Interest Expense,Operating Expenses,Interest Expense,Interest Expense,Interest Expense,Interest Expense,Operating Expenses,Interest Expense,Interest Expense,Operating Expenses,Operating Expenses,Operating Expenses,Interest Expense,Interest Expense,Interest Expense,Interest Expense,Interest Expense,Interest Expense,Interest Expense,Interest Expense,Operating Expenses,Interest Expense,Operating Expenses,Interest Expense,Interest Expense,Operating Expenses,Interest Expense,Operating Expenses,Interest Expense,Interest Expense,Interest Expense,Operating Expenses,Operating Expenses,Interest Expense,Interest Expense,Operating Expenses,Interest Expense,Operating Expenses,Interest Expense,Operating Expenses,Interest Expense,Operating Expenses,Interest Expense,Operating Expenses,Operating Expenses,Operating Expenses,Interest Expense,Interest Expense,Operating Expenses,Interest Expense,Interest Expense,Interest Expense,Interest Expense,Operating Expenses,Operating Expenses,Operating Expenses,Operating Expenses,Operating Expenses,Interest Expense,Interest Expense,Interest Expense,Operating Expenses,Interest Expense,Interest Expense,Operating Expenses,Operating Expenses,Interest Expense,Interest Expense,Operating Expenses,Interest Expense,Interest Expense,Interest Expense,Interest Expense,Interest Expense,Operating Expenses,Operating Expenses,Operating Expenses,Operating Expenses,Operating Expenses,Operating Expenses,Interest Expense,Interest Expense,Interest Expense,Operating Expenses,Operating Expenses,Operating Expenses,Interest Expense,Operating Expenses,Owner Compensation,Operating Expenses,Operating Expenses,Operating Expenses,Interest Expense,Operating Expenses,Operating Expenses,Operating Expenses,Interest Expense,Operating Expenses",$407896.62,$92311.23,"March,March"
April,,2024,April,$103337.05,"Apr-24,Apr-24,Apr-24,Apr-24,Apr-24,Apr-24,Apr-24,Apr-24,Apr-24,Apr-24,Apr-24,Apr-24,Apr-24,Apr-24,Apr-24,Apr-24,Apr-24,Apr-24,Apr-24,Apr-24,Apr-24,Apr-24,Apr-24,Apr-24,Apr-24,Apr-24,Apr-24,Apr-24,Apr-24,Apr-24,Apr-24,Apr-24,Apr-24,Apr-24,Apr-24,Apr-24,Apr-24,Apr-24,Apr-24,Apr-24,Apr-24,Apr-24,Apr-24,Apr-24,Apr-24,Apr-24,Apr-24,Apr-24,Apr-24,Apr-24,Apr-24,Apr-24,Apr-24,Apr-24,Apr-24,Apr-24,Apr-24,Apr-24,Apr-24,Apr-24,Apr-24,Apr-24,Apr-24,Apr-24,Apr-24,Apr-24,Apr-24,Apr-24,Apr-24,Apr-24,Apr-24,Apr-24,Apr-24,Apr-24,Apr-24,Apr-24,Apr-24,Apr-24,Apr-24,Apr-24,Apr-24,Apr-24,Apr-24,Apr-24,Apr-24,Apr-24,Apr-24,Apr-24,Apr-24,Apr-24,Apr-24,Apr-24,Apr-24,Apr-24,Apr-24,Apr-24,Apr-24,Apr-24,Apr-24,Apr-24,Apr-24,Apr-24,Apr-24,Apr-24,Apr-24,Apr-24,Apr-24,Apr-24,Apr-24,Apr-24","Operating Expenses,Interest Expense,Interest Expense,Interest Expense,Owner Compensation,Operating Expenses,Interest Expense,Operating Expenses,Operating Expenses,Operating Expenses,Interest Expense,Interest Expense,Interest Expense,Interest Expense,Operating Expenses,Interest Expense,Operating Expenses,Owner Compensation,Interest Expense,Operating Expenses,Interest Expense,Interest Expense,Operating Expenses,Interest Expense,Interest Expense,Interest Expense,Interest Expense,Interest Expense,Interest Expense,Operating Expenses,Operating Expenses,Interest Expense,Interest Expense,Interest Expense,Interest Expense,Interest Expense,Operating Expenses,Interest Expense,Interest Expense,Interest Expense,Interest Expense,Interest Expense,Interest Expense,Interest Expense,Interest Expense,Operating Expenses,Operating Expenses,Operating Expenses,Operating Expenses,Interest Expense,Interest Expense,Operating Expenses,Interest Expense,Interest Expense,Interest Expense,Interest Expense,Interest Expense,Operating Expenses,Interest Expense,Operating Expenses,Operating Expenses,Interest Expense,Interest Expense,Interest Expense,Interest Expense,Interest Expense,Operating Expenses,Operating Expenses,Interest Expense,Operating Expenses,Interest Expense,Interest Expense,Interest Expense,Operating Expenses,Interest Expense,Interest Expense,Interest Expense,Operating Expenses,Interest Expense,Operating Expenses,Interest Expense,Interest Expense,Interest Expense,Interest Expense,Interest Expense,Operating Expenses,Interest Expense,Interest Expense,Interest Expense,Interest Expense,Operating Expenses,Operating Expenses,Operating Expenses,Interest Expense,Interest Expense,Interest Expense,Operating Expenses,Operating Expenses,Operating Expenses,Interest Expense,Operating Expenses,Operating Expenses,Operating Expenses,Owner Compensation,Operating Expenses,Interest Expense,Operating Expenses,Operating Expenses,Operating Expenses,Operating Expenses",$351682.04,-$248344.99,"April,April"
May ,,2024,May,$223548.43,"""May-24 
"",""May-24 
"",""May-24 
"",""May-24 
"",""May-24 
"",""May-24 
"",""May-24 
"",""May-24 
"",""May-24 
"",""May-24 
"",""May-24 
"",""May-24 
"",""May-24 
"",""May-24 
"",""May-24 
"",""May-24 
"",""May-24 
"",""May-24 
"",""May-24 
"",""May-24 
"",""May-24 
"",""May-24 
"",""May-24 
"",""May-24 
"",""May-24 
"",""May-24 
"",""May-24 
"",""May-24 
"",""May-24 
"",""May-24 
"",""May-24 
"",""May-24 
"",""May-24 
"",""May-24 
"",""May-24 
"",""May-24 
"",""May-24 
"",""May-24 
"",""May-24 
"",""May-24 
"",""May-24 
"",""May-24 
"",May-24,May-24,May-24,May-24,May-24,May-24,May-24,May-24,May-24,May-24,May-24,May-24,May-24,May-24,May-24,May-24,May-24,May-24,May-24,May-24,May-24,May-24,May-24,May-24,May-24,May-24,May-24,May-24,May-24,May-24,May-24,May-24,May-24,May-24,May-24,May-24,May-24,May-24,May-24,May-24,May-24,May-24,May-24,May-24,May-24,May-24,May-24,May-24,May-24,May-24,May-24,May-24,May-24,May-24,May-24,May-24,May-24,May-24,May-24,May-24,May-24,May-24,May-24,May-24,May-24,May-24,May-24,May-24,May-24,May-24,May-24,May-24,May-24,may-24","Operating Expenses,Operating Expenses,Interest Expense,Interest Expense,Operating Expenses,Operating Expenses,Operating Expenses,Interest Expense,Interest Expense,Operating Expenses,Operating Expenses,Operating Expenses,Operating Expenses,Interest Expense,Interest Expense,Interest Expense,Operating Expenses,Interest Expense,Interest Expense,Interest Expense,Interest Expense,Interest Expense,Interest Expense,Operating Expenses,Operating Expenses,Operating Expenses,Interest Expense,Operating Expenses,Interest Expense,Interest Expense,Operating Expenses,Interest Expense,Interest Expense,Interest Expense,Interest Expense,Operating Expenses,Interest Expense,Interest Expense,Interest Expense,Operating Expenses,Operating Expenses,Operating Expenses,Interest Expense,Operating Expenses,Interest Expense,Operating Expenses,Interest Expense,Operating Expenses,Interest Expense,Operating Expenses,Interest Expense,Operating Expenses,Interest Expense,Operating Expenses,Interest Expense,Interest Expense,Operating Expenses,Interest Expense,Interest Expense,Interest Expense,Operating Expenses,Interest Expense,Operating Expenses,Interest Expense,Operating Expenses,Operating Expenses,Operating Expenses,Operating Expenses,Operating Expenses,Operating Expenses,Interest Expense,Interest Expense,Operating Expenses,Interest Expense,Interest Expense,Operating Expenses,Interest Expense,Interest Expense,Operating Expenses,Owner Compensation,Interest Expense,Operating Expenses,Interest Expense,Interest Expense,Interest Expense,Interest Expense,Interest Expense,Operating Expenses,Interest Expense,Operating Expenses,Interest Expense,Interest Expense,Interest Expense,Interest Expense,Interest Expense,Operating Expenses,Operating Expenses,Operating Expenses,Operating Expenses,Operating Expenses,Operating Expenses,Interest Expense,Operating Expenses,Interest Expense,Operating Expenses,Interest Expense,Interest Expense,Owner Compensation,Interest Expense,Operating Expenses,Owner Compensation,Operating Expenses,Operating Expenses,Interest Expense,Operating Expenses,Operating Expenses",$639604.10,-$416055.67,"May ,May "
June,,2024,June,$127073.63,"""jun-2024
"",""jun-2024
"",""jun-2024
"",""jun-2024
"",""jun-2024
"",""jun-2024
"",""jun-2024
"",""jun-2024
"",""jun-2024
"",""jun-2024
"",""jun-2024
"",""jun-2024
"",""jun-2024
"",""jun-2024
"",""jun-2024
"",""jun-2024
"",jun-2024,""jun-2024
"",""jun-2024
"",""jun-2024
"",""jun-2024
"",""jun-2024
"",""jun-2024
"",""jun-2024
"",""jun-2024
"",""jun-2024
"",""jun-2024
"",""jun-2024
"",""jun-2024
"",""jun-2024
"",""jun-2024
"",""jun-2024
"",""jun-2024
"",""jun-2024
"",""jun-2024
"",""jun-2024
"",""jun-2024
"",""jun-2024
"",""jun-2024
"",""jun-2024
"",""jun-2024
"",""jun-2024
"",""jun-2024
"",""jun-2024
"",""jun-2024
"",""jun-2024
"",""jun-2024
"",""jun-2024
"",jun-2024,jun-2024,jun-2024,jun-2024,jun-2024,jun-2024,jun-2024,jun-2024,jun-2024,jun-2024,jun-2024,jun-2024,jun-2024,jun-2024,jun-2024,jun-2024,jun-2024,jun-2024,jun-2024,jun-2024,jun-2024,jun-2024,jun-2024,jun-2024,jun-2024,jun-2024,jun-2024,jun-2024,jun-2024,jun-2024,jun-2024,jun-2024,jun-2024,jun-2024,jun-2024,jun-2024,jun-2024,jun-2024,jun-2024,jun-2024,jun-2024,jun-2024,jun-2024,jun-2024,jun-2024,jun-2024,jun-2024,jun-2024,jun-2024,jun-2024,jun-2024,jun-2024,jun-2024,jun-2024,jun-2024,jun-2024,jun-2024,jun-2024,jun-2024","Interest Expense,Owner Compensation,Interest Expense,Owner Compensation,Operating Expenses,Interest Expense,Owner Compensation,Operating Expenses,Interest Expense,Interest Expense,Interest Expense,Interest Expense,Interest Expense,Operating Expenses,Operating Expenses,Interest Expense,Interest Expense,Operating Expenses,Operating Expenses,Interest Expense,Operating Expenses,Operating Expenses,Interest Expense,Operating Expenses,Operating Expenses,Owner Compensation,Operating Expenses,Operating Expenses,Interest Expense,Interest Expense,Operating Expenses,Operating Expenses,Operating Expenses,Interest Expense,Operating Expenses,Interest Expense,Operating Expenses,Operating Expenses,Operating Expenses,Interest Expense,Interest Expense,Interest Expense,Operating Expenses,Operating Expenses,Operating Expenses,Operating Expenses,Operating Expenses,Operating Expenses,Interest Expense,Interest Expense,Operating Expenses,Operating Expenses,Operating Expenses,Interest Expense,Interest Expense,Interest Expense,Operating Expenses,Operating Expenses,Operating Expenses,Interest Expense,Interest Expense,Interest Expense,Operating Expenses,Operating Expenses,Operating Expenses,Interest Expense,Interest Expense,Interest Expense,Interest Expense,Interest Expense,Interest Expense,Operating Expenses,Operating Expenses,Operating Expenses,Operating Expenses,Operating Expenses,Operating Expenses,Operating Expenses,Operating Expenses,Operating Expenses,Interest Expense,Interest Expense,Interest Expense,Interest Expense,Interest Expense,Interest Expense,Operating Expenses,Operating Expenses,Interest Expense,Interest Expense,Operating Expenses,Interest Expense,Interest Expense,Operating Expenses,Interest Expense,Interest Expense,Operating Expenses,Operating Expenses,Interest Expense,Interest Expense,Interest Expense,Interest Expense,Operating Expenses,Interest Expense,Interest Expense,Operating Expenses,Operating Expenses",$265571.19,-$138497.56,"June,June"
July,,2024,July,$170634.34,"Jul-2024,Jul-2024,Jul-2024,Jul-2024,Jul-2024,Jul-2024,Jul-2024,Jul-2024,Jul-2024,Jul-2024,Jul-2024,Jul-2024,Jul-2024,Jul-2024,Jul-2024,Jul-2024,Jul-2024,Jul-2024,Jul-2024,Jul-2024,Jul-2024,Jul-2024,Jul-2024,Jul-2024,Jul-2024,Jul-2024,Jul-2024,Jul-2024,Jul-2024,Jul-2024,Jul-2024,Jul-2024,Jul-2024,Jul-2024,Jul-2024,Jul-2024,Jul-2024,Jul-2024,Jul-2024,Jul-2024,Jul-2024,Jul-2024,Jul-2024,Jul-2024,Jul-2024,Jul-2024,Jul-2024,Jul-2024,Jul-2024,Jul-2024,Jul-2024,Jul-2024,Jul-2024,Jul-2024,Jul-2024,Jul-2024,Jul-2024,Jul-2024,Jul-2024,Jul-2024,Jul-2024,Jul-2024,Jul-2024,Jul-2024,Jul-2024,Jul-2024,Jul-2024,Jul-2024,Jul-2024,Jul-2024,Jul-2024,Jul-2024,Jul-2024,Jul-2024,Jul-2024,Jul-2024,Jul-2024,Jul-2024,Jul-2024,Jul-2024,Jul-2024,Jul-2024,Jul-2024,Jul-2024,Jul-2024,Jul-2024,Jul-2024,Jul-2024,Jul-2024,Jul-2024,Jul-2024,Jul-2024,Jul-2024,Jul-2024,Jul-2024,Jul-2024,Jul-2024,Jul-2024,Jul-2024,Jul-2024,Jul-2024,Jul-2024,Jul-2024,Jul-2024,Jul-2024,Jul-2024,Jul-2024,Jul-2024,Jul-2024,Jul-2024","Interest Expense,Interest Expense,Owner Compensation,Owner Compensation,Owner Compensation,Owner Compensation,Operating Expenses,Operating Expenses,Operating Expenses,Operating Expenses,Operating Expenses,Owner Compensation,Operating Expenses,Operating Expenses,Operating Expenses,Operating Expenses,Interest Expense,Interest Expense,Owner Compensation,Owner Compensation,Operating Expenses,Operating Expenses,Interest Expense,Operating Expenses,Operating Expenses,Interest Expense,Interest Expense,Interest Expense,Operating Expenses,Operating Expenses,Interest Expense,Operating Expenses,Interest Expense,Operating Expenses,Interest Expense,Operating Expenses,Operating Expenses,Operating Expenses,Interest Expense,Operating Expenses,Interest Expense,Interest Expense,Operating Expenses,Operating Expenses,Operating Expenses,Operating Expenses,Operating Expenses,Interest Expense,Interest Expense,Operating Expenses,Interest Expense,Operating Expenses,Operating Expenses,Operating Expenses,Operating Expenses,Operating Expenses,Interest Expense,Operating Expenses,Interest Expense,Operating Expenses,Operating Expenses,Operating Expenses,Interest Expense,Operating Expenses,Operating Expenses,Interest Expense,Interest Expense,Interest Expense,Operating Expenses,Operating Expenses,Operating Expenses,Operating Expenses,Operating Expenses,Operating Expenses,Operating Expenses,Operating Expenses,Operating Expenses,Operating Expenses,Operating Expenses,Operating Expenses,Operating Expenses,Operating Expenses,Operating Expenses,Operating Expenses,Operating Expenses,Operating Expenses,Operating Expenses,Operating Expenses,Operating Expenses,Operating Expenses,Interest Expense,Operating Expenses,Operating Expenses,Operating Expenses,Operating Expenses,Interest Expense,Interest Expense,Interest Expense,Operating Expenses,Operating Expenses,Operating Expenses,Operating Expenses,Operating Expenses,Interest Expense,Owner Compensation,Operating Expenses,Operating Expenses,Interest Expense,Operating Expenses,Operating Expenses",$283464.74,-$112830.40,"July,July"
August,,2024,August,$256480.76,"""Aug-24
"",""Aug-24
"",""Aug-24
"",""Aug-24
"",""Aug-24
"",""Aug-24
"",""Aug-24
"",""Aug-24
"",""Aug-24
"",""Aug-24
"",""Aug-24
"",""Aug-24
"",""Aug-24
"",""Aug-24
"",""Aug-24
"",""Aug-24
"",""Aug-24
"",""Aug-24
"",""Aug-24
"",""Aug-24
"",""Aug-24
"",""Aug-24
"",""Aug-24
"",""Aug-24
"",""Aug-24
"",""Aug-24
"",""Aug-24
"",""Aug-24
"",""Aug-24
"",""Aug-24
"",""Aug-24
"",""Aug-24
"",""Aug-24
"",""Aug-24
"",""Aug-24
"",""Aug-24
"",""Aug-24
"",""Aug-24
"",""Aug-24
"",""Aug-24
"",""Aug-24
"",""Aug-24
"",""Aug-24
"",""Aug-24
"",""Aug-24
"",""Aug-24
"",""Aug-24
"",""Aug-24
"",""Aug-24
"",""Aug-24
"",""Aug-24
"",""Aug-24
"",""Aug-24
"",""Aug-24
"",""Aug-24
"",""Aug-24
"",""Aug-24
"",Aug-24,Aug-24,Aug-24,Aug-24,Aug-24,Aug-24,Aug-24,Aug-24,Aug-24,Aug-24,Aug-24,Aug-24,Aug-24,Aug-24,Aug-24,Aug-24,Aug-24,Aug-24,Aug-24,Aug-24,Aug-24,Aug-24,Aug-24,Aug-24,Aug-24,Aug-24,Aug-24,Aug-24,Aug-24,Aug-24,Aug-24,Aug-24,Aug-24,Aug-24,Aug-24,Aug-24,Aug-24,Aug-24,AUG-24,Aug-24,Aug-24,Aug-24,Aug-24,Aug-24,Aug-24,Aug-24,Aug-24,Aug-24,Aug-24,Aug-24,Aug-24,Aug-24,Aug-24,Aug-24,Aug-24,Aug-24,Aug-24,Aug-24,Aug-24,Aug-24,Aug-24,Aug-24,Aug-24,Aug-24,Aug-24,Aug-24,Aug-24,Aug-24,Aug-24,Aug-24,Aug-24,Aug-24,Aug-24,Aug-24,Aug-24,Aug-24,Aug-24,Aug-24,Aug-24,Aug-24,Aug-24,Aug-24,Aug-24,Aug-24,Aug-24","Interest Expense,Operating Expenses,Operating Expenses,Interest Expense,Operating Expenses,Operating Expenses,Operating Expenses,Operating Expenses,Operating Expenses,Interest Expense,Owner Compensation,Operating Expenses,Operating Expenses,Operating Expenses,Operating Expenses,Operating Expenses,Operating Expenses,Operating Expenses,Interest Expense,Owner Compensation,Interest Expense,Operating Expenses,Interest Expense,Operating Expenses,Operating Expenses,Operating Expenses,Operating Expenses,Interest Expense,Interest Expense,Interest Expense,Interest Expense,Interest Expense,Interest Expense,Interest Expense,Interest Expense,Operating Expenses,Operating Expenses,Operating Expenses,Operating Expenses,Operating Expenses,Interest Expense,Interest Expense,Operating Expenses,Operating Expenses,Operating Expenses,Operating Expenses,Operating Expenses,Operating Expenses,Operating Expenses,Operating Expenses,Operating Expenses,Operating Expenses,Interest Expense,Interest Expense,Operating Expenses,Operating Expenses,Operating Expenses,Interest Expense,Interest Expense,Operating Expenses,Interest Expense,Interest Expense,Operating Expenses,Operating Expenses,Interest Expense,Interest Expense,Operating Expenses,Operating Expenses,Operating Expenses,Operating Expenses,Operating Expenses,Operating Expenses,Operating Expenses,Operating Expenses,Operating Expenses,Operating Expenses,Operating Expenses,Operating Expenses,Operating Expenses,Operating Expenses,Operating Expenses,Operating Expenses,Operating Expenses,Operating Expenses,Interest Expense,Interest Expense,Operating Expenses,Operating Expenses,Operating Expenses,Interest Expense,Operating Expenses,Operating Expenses,Interest Expense,Operating Expenses,Operating Expenses,Operating Expenses,Interest Expense,Operating Expenses,Operating Expenses,Operating Expenses,Operating Expenses,Operating Expenses,Owner Compensation,Interest Expense,Operating Expenses,Operating Expenses,Interest Expense,Interest Expense,-,Operating Expenses,Operating Expenses,Operating Expenses,Interest Expense,Interest Expense,Operating Expenses,Operating Expenses,Operating Expenses,Operating Expenses,Owner Compensation,Operating Expenses,Interest Expense,Interest Expense,Owner Compensation,Operating Expenses,Operating Expenses,Operating Expenses,Operating Expenses,Interest Expense,Interest Expense,Operating Expenses,Operating Expenses,Operating Expenses,Operating Expenses,Operating Expenses,Interest Expense,Interest Expense,Operating Expenses,Interest Expense,Interest Expense,Interest Expense,Interest Expense,Operating Expenses",$346907.56,-$90426.80,"August,August"
September,,2024,September,$365206.61,"Sep-24,Sep-24,Sep-24,Sep-24,Sep-24,Sep-24,Sep-24,Sep-24,Sep-24,Sep-24,Sep-24,Sep-24,Sep-24,Sep-24,Sep-24,Sep-24,Sep-24,Sep-24,Sep-24,Sep-24,Sep-24 copy,Sep-24,Sep-24,Sep-24,Sep-24,Sep-24,Sep-24,Sep-24,Sep-24,Sep-24,Sep-24,Sep-24,Sep-24,Sep-24,Sep-24,Sep-24,Sep-24,Sep-24,Sep-24,Sep-24,Sep-24,Sep-24,Sep-24,Sep-24,Sep-24,Sep-24,Sep-24,Sep-24,Sep-24,Sep-24,Sep-24,Sep-24,Sep-24,Sep-24,Sep-24,Sep-24,Sep-24,Sep-24,Sep-24,Sep-24,Sep-24,Sep-24,Sep-24,Sep-24,Sep-24,Sep-24,Sep-24,Sep-24,Sep-24,Sep-24,Sep-24,Sep-24,Sep-24,Sep-24,Sep-24,Sep-24,Sep-24,Sep-24,Sep-24,Sep-24,Sep-24,Sep-24,Sep-24,Sep-24,Sep-24,Sep-24,Sep-24,Sep-24,Sep-24,Sep-24,Sep-24,Sep-24,Sep-24,Sep-24,Sep-24,Sep-24,Sep-24,Sep-24,Sep-24,Sep-24,Sep-24,Sep-24,Sep-24,Sep-24,Sep-24,Sep-24","Interest Expense,Operating Expenses,Operating Expenses,Operating Expenses,Operating Expenses,Owner Compensation,Operating Expenses,Operating Expenses,Operating Expenses,Operating Expenses,Operating Expenses,Operating Expenses,Operating Expenses,Operating Expenses,Owner Compensation,Owner Compensation,Interest Expense,Operating Expenses,Operating Expenses,Operating Expenses,Interest Expense,Operating Expenses,Operating Expenses,Operating Expenses,Interest Expense,Operating Expenses,Operating Expenses,Operating Expenses,Operating Expenses,Interest Expense,Operating Expenses,Operating Expenses,Operating Expenses,Operating Expenses,Operating Expenses,Operating Expenses,Operating Expenses,Operating Expenses,Operating Expenses,Operating Expenses,Operating Expenses,Interest Expense,Operating Expenses,Interest Expense,Operating Expenses,Operating Expenses,Operating Expenses,Operating Expenses,Operating Expenses,Interest Expense,Operating Expenses,Operating Expenses,Operating Expenses,Interest Expense,Operating Expenses,Interest Expense,Owner Compensation,Owner Compensation,Operating Expenses,Operating Expenses,Owner Compensation,Operating Expenses,Operating Expenses,Operating Expenses,Owner Compensation,Operating Expenses,Operating Expenses,Interest Expense,Operating Expenses,Operating Expenses,Operating Expenses,Interest Expense,Operating Expenses,Operating Expenses,Operating Expenses,Operating Expenses,Operating Expenses,Operating Expenses,Operating Expenses,Interest Expense,Interest Expense,Operating Expenses,Operating Expenses,Operating Expenses,Operating Expenses,Interest Expense,Operating Expenses,Operating Expenses,Interest Expense,Operating Expenses,Operating Expenses,Operating Expenses,Operating Expenses,Interest Expense,Operating Expenses,Owner Compensation,Interest Expense,Operating Expenses,Interest Expense,Operating Expenses,Interest Expense,Operating Expenses,Operating Expenses,Operating Expenses,Operating Expenses,Owner Compensation",$302737.13,$62469.48,"September,September"
October,,2024,October,$675168.05,"Oct-24,Oct-24,Oct-24,Oct-24,Oct-24,Oct-24,Oct-24,Oct-24,Oct-24,Oct-24,Oct-24,Oct-24,Oct-24,Oct-24,Oct-24,Oct-24,Oct-24,Oct-24,Oct-24,Oct-24,Oct-24,Oct-24,Oct-24,Oct-24,Oct-24,Oct-24,Oct-24,Oct-24,Oct-24,Oct-24,Oct-24,Oct-24,Oct-24,Oct-24,Oct-24,Oct-24,Oct-24,Oct-24,Oct-24,Oct-24,Oct-24,Oct-24,Oct-24,Oct-24,Oct-24,Oct-24,Oct-24,Oct-24,Oct-24,Oct-24,Oct-24,Oct-24,Oct-24,Oct-24,Oct-24,Oct-24,Oct-24,Oct-24,Oct-24,Oct-24,Oct-24,Oct-24,Oct-24,Oct-24,Oct-24,Oct-24,Oct-24,Oct-24,Oct-24,Oct-24,Oct-24,Oct-24,Oct-24,Oct-24,Oct-24,Oct-24,Oct-24,Oct-24,Oct-24,Oct-24,Oct-24,Oct-24,Oct-24,Oct-24,Oct-24,Oct-24,Oct-24,Oct-24,Oct-24,Oct-24,Oct-24,Oct-24,Oct-24,Oct-24,Oct-24,Oct-24,Oct-24,Oct-24,Oct-24,Oct-24,Oct-24,Oct-24,Oct-24,Oct-24,Oct-24,Oct-24","Interest Expense,Interest Expense,Operating Expenses,Operating Expenses,Operating Expenses,Operating Expenses,Operating Expenses,Operating Expenses,Interest Expense,Operating Expenses,Owner Compensation,Interest Expense,Owner Compensation,Operating Expenses,Operating Expenses,Operating Expenses,Operating Expenses,Operating Expenses,Operating Expenses,Operating Expenses,Owner Compensation,Interest Expense,Interest Expense,Owner Compensation,Owner Compensation,Owner Compensation,Operating Expenses,Interest Expense,Operating Expenses,Operating Expenses,Operating Expenses,Operating Expenses,Interest Expense,Operating Expenses,Interest Expense,Operating Expenses,Operating Expenses,Operating Expenses,Interest Expense,Operating Expenses,Operating Expenses,Interest Expense,Interest Expense,Operating Expenses,Operating Expenses,Operating Expenses,Operating Expenses,Operating Expenses,Owner Compensation,Operating Expenses,Interest Expense,Operating Expenses,Operating Expenses,Operating Expenses,Operating Expenses,Operating Expenses,Operating Expenses,Interest Expense,Interest Expense,Operating Expenses,Operating Expenses,Interest Expense,Operating Expenses,Operating Expenses,Operating Expenses,Operating Expenses,Operating Expenses,Operating Expenses,Operating Expenses,Operating Expenses,Operating Expenses,Operating Expenses,Operating Expenses,Operating Expenses,Interest Expense,Interest Expense,Operating Expenses,Operating Expenses,Owner Compensation,Operating Expenses,Operating Expenses,Operating Expenses,Interest Expense,Operating Expenses,Operating Expenses,Operating Expenses,Interest Expense,Operating Expenses,Interest Expense,Operating Expenses,Interest Expense,Operating Expenses,Operating Expenses,Operating Expenses,Operating Expenses,Owner Compensation,Operating Expenses,Operating Expenses,Interest Expense,Owner Compensation,Interest Expense,Interest Expense,Operating Expenses,Interest Expense,Operating Expenses,Operating Expenses",$473599.61,$201568.44,"October,October"
November,,2024,November,$907615.86,"""Nov-24
"",""Nov-24
"",""Nov-24
"",""Nov-24
"",""Nov-24
"",""Nov-24
"",""Nov-24
"",""Nov-24
"",""Nov-24
"",""Nov-24
"",""Nov-24
"",""Nov-24
"",""Nov-24
"",""Nov-24
"",""Nov-24
"",""Nov-24
"",""Nov-24
"",""Nov-24
"",""Nov-24
"",""Nov-24
"",""Nov-24
"",""Nov-24
"",""Nov-24
"",""Nov-24
"",""Nov-24
"",""Nov-24
"",""Nov-24
"",""Nov-24
"",""Nov-24
"",""Nov-24
"",""Nov-24
"",""Nov-24
"",""Nov-24
"",""Nov-24
"",""Nov-24
"",""Nov-24
"",""Nov-24
"",""Nov-24
"",""Nov-24
"",Nov-24,""Nov-24
"",""Nov-24
"",""Nov-24
"",""Nov-24
"",""Nov-24
"",""Nov-24
"",""Nov-24
"",""Nov-24
"",""Nov-24
"",""Nov-24
"",""Nov-24
"",""Nov-24
"",""Nov-24
"",Nov-24,""Nov-24
"",""Nov-24
"",Nov-24,Nov-24,Nov-24,Nov-24,Nov-24,Nov-24,Nov-24,Nov-24,Nov-24,Nov-24,Nov-24,Nov-24,Nov-24,Nov-24,Nov-24,Nov-24,Nov-24,Nov-24,Nov-24,Nov-24,Nov-24,Nov-24,Nov-24,Nov-24,Nov-24,Nov-24,Nov-24,Nov-24,Nov-24,Nov-24,Nov-24,Nov-24,Nov-24","Interest Expense,Operating Expenses,Operating Expenses,Operating Expenses,Operating Expenses,Operating Expenses,Operating Expenses,Operating Expenses,Owner Compensation,Operating Expenses,Operating Expenses,Operating Expenses,Operating Expenses,Owner Compensation,Operating Expenses,Interest Expense,Operating Expenses,Operating Expenses,Operating Expenses,Operating Expenses,Operating Expenses,Operating Expenses,Interest Expense,Operating Expenses,Operating Expenses,Interest Expense,Interest Expense,Interest Expense,Operating Expenses,Owner Compensation,Interest Expense,Interest Expense,Operating Expenses,Operating Expenses,Operating Expenses,Operating Expenses,Operating Expenses,Operating Expenses,Interest Expense,Operating Expenses,Interest Expense,Operating Expenses,Operating Expenses,Operating Expenses,Interest Expense,Interest Expense,Operating Expenses,Operating Expenses,Operating Expenses,Operating Expenses,Operating Expenses,Operating Expenses,Interest Expense,Operating Expenses,Operating Expenses,Interest Expense,Operating Expenses,Operating Expenses,Operating Expenses,Operating Expenses,Operating Expenses,Operating Expenses,Operating Expenses,Operating Expenses,Interest Expense,Operating Expenses,Operating Expenses,Operating Expenses,Operating Expenses,Operating Expenses,Interest Expense,Owner Compensation,Operating Expenses,Operating Expenses,Operating Expenses,Operating Expenses,Operating Expenses,Operating Expenses,Operating Expenses,Operating Expenses,Operating Expenses,Operating Expenses,Operating Expenses,Owner Compensation,Interest Expense,Operating Expenses,Operating Expenses,Operating Expenses,Interest Expense",$457891.61,$449724.25,"November,November"
December,,2024,December,$846428.47,"Dec-24,Dec-24,Dec-24,Dec-24,Dec-24,Dec-24,Dec-24,Dec-24,Dec-24,Dec-24,Dec-24,Dec-24,Dec-24,Dec-24,Dec-24,Dec-24,Dec-24,Dec-24,Dec-24,Dec-24,Dec-24,Dec-24,Dec-24,Dec-24,Dec-24,Dec-24,Dec-24,Dec-24,Dec-24,Dec-24,Dec-24,Dec-24,Dec-24,Dec-24,Dec-24,Dec-24,Dec-24,Dec-24,Dec-24,Dec-24,Dec-24,Dec-24,Dec-24,Dec-24,Dec-24,Dec-24,Dec-24,Dec-24,Dec-24,Dec-24,Dec-24,Dec-24,Dec-24,Dec-24,Dec-24,Dec-24,Dec-24,Dec-24,Dec-24,Dec-24,Dec-24,Dec-24,Dec-24,Dec-24,Dec-24,Dec-24,Dec-24,Dec-24,Dec-24","Interest Expense,Operating Expenses,Operating Expenses,Operating Expenses,Interest Expense,Operating Expenses,Operating Expenses,Owner Compensation,Operating Expenses,Operating Expenses,Owner Compensation,Operating Expenses,Operating Expenses,Operating Expenses,Operating Expenses,Operating Expenses,Operating Expenses,Operating Expenses,Operating Expenses,Operating Expenses,Operating Expenses,Operating Expenses,Interest Expense,Owner Compensation,Interest Expense,Operating Expenses,Interest Expense,Operating Expenses,Operating Expenses,Owner Compensation,Operating Expenses,Operating Expenses,Interest Expense,Interest Expense,Operating Expenses,Operating Expenses,Interest Expense,Interest Expense,Operating Expenses,Operating Expenses,Operating Expenses,Interest Expense,Interest Expense,Operating Expenses,Operating Expenses,Owner Compensation,Operating Expenses,Interest Expense,Interest Expense,Interest Expense,Operating Expenses,Interest Expense,Operating Expenses,Operating Expenses,Operating Expenses,Interest Expense,Interest Expense,Operating Expenses,Owner Compensation,Operating Expenses,Interest Expense,Operating Expenses,Operating Expenses,Interest Expense,Interest Expense,Operating Expenses,Operating Expenses,Interest Expense,Interest Expense",$426609.39,$419819.08,"December,December"
January 2023,,2023,January,$371298.20,"Jan-23,Jan-23,Jan-23,Jan-23,Jan-23,Jan-23,Jan-23,Jan-23,Jan-23,Jan-23,Jan-23,Jan-23,Jan-23,Jan-23,Jan-23,Jan-23,Jan-23,Jan-23,Jan-23,Jan-23,Jan-23,Jan-23,Jan-23,Jan-23,Jan-23,Jan-23,Jan-23,Jan-23,Jan-23,Jan-23,Jan-23,Jan-23,Jan-23,Jan-23,Jan-23,Jan-23,Jan-23,Jan-23,Jan-23,Jan-23,Jan-23,Jan-23,Jan-23,Jan-23,Jan-23,Jan-23,Jan-23,Jan-23,Jan-23,Jan-23,Jan-23,Jan-23,Jan-23,Jan-23,Jan-23,Jan-23,Jan-23,Jan-23,Jan-23,Jan-23,Jan-23,Jan-23,Jan-23,Jan-23,Jan-23,Jan-23,Jan-23,Jan-23,Jan-23,Jan-23,Jan-23,Jan-23,Jan-23,Jan-23,Jan-23,Jan-23,Jan-23,Jan-23,Jan-23,Jan-23,Jan-23,Jan-23,Jan-23,Jan-23,Jan-23,Jan-23,Jan-23,Jan-23,Jan-23,Jan-23,Jan-23,Jan-23,Jan-23,Jan-23,Jan-23,Jan-23,Jan-23,Jan-23,Jan-23,Jan-23,Jan-23,Jan-23,Jan-23,Jan-23,Jan-23,Jan-23,Jan-23,Jan-23,Jan-23,Jan-23,Jan-23,Jan-23,Jan-23,Jan-23,Jan-23,Jan-23,Jan-23,Jan-23,Jan-23,Jan-23,Jan-23,Jan-23,Jan-23,Jan-23,Jan-23,Jan-23,Jan-23,Jan-23,Jan-23,Jan-23,Jan-23,Jan-23,Jan-23,Jan-23,Jan-23,Jan-23,Jan-23,Jan-23,Jan-23,Jan-23,Jan-23,Jan-23,Jan-23,Jan-23,Jan-23,Jan-23,Jan-23,Jan-23,Jan-23,Jan-23,Jan-23,Jan-23,Jan-23,Jan-23,Jan-23,Jan-23,Jan-23,Jan-23,Jan-23,Jan-23,Jan-23,Jan-23,Jan-23,Jan-23,Jan-23,Jan-23,Jan-23,Jan-23,Jan-23,Jan-23,Jan-23,Jan-23,Jan-23,Jan-23,Jan-23,Jan-23,Jan-23,Jan-23,Jan-23,Jan-23,Jan-23,Jan-23,Jan-23,Jan-23,Jan-23,Jan-23,Jan-23,Jan-23,Jan-23,Jan-23,Jan-23,Jan-23,Jan-23,Jan-23,Jan-23,Jan-23,Jan-23,Jan-23,Jan-23,Jan-23,Jan-23,Jan-23,Jan-23,Jan-23,Jan-23,Jan-23,Jan-23,Jan-23,Jan-23,Jan-23","Operating Expenses,Operating Expenses,Operating Expenses,Interest Expense,Operating Expenses,Operating Expenses,Operating Expenses,Operating Expenses,Operating Expenses,Operating Expenses,Operating Expenses,Operating Expenses,Operating Expenses,Operating Expenses,Operating Expenses,Operating Expenses,Operating Expenses,Operating Expenses,Operating Expenses,Operating Expenses,Owner Compensation,Operating Expenses,Operating Expenses,Operating Expenses,Operating Expenses,Operating Expenses,Operating Expenses,Operating Expenses,Operating Expenses,Operating Expenses,Operating Expenses,Operating Expenses,Operating Expenses,Operating Expenses,Operating Expenses,Operating Expenses,Operating Expenses,Operating Expenses,Operating Expenses,Operating Expenses,Operating Expenses,Operating Expenses,Operating Expenses,Operating Expenses,Operating Expenses,Operating Expenses,Operating Expenses,Operating Expenses,Operating Expenses,Operating Expenses,Operating Expenses,Operating Expenses,Operating Expenses,Operating Expenses,Operating Expenses,Operating Expenses,Operating Expenses,Operating Expenses,Operating Expenses,Operating Expenses,Operating Expenses,Operating Expenses,Operating Expenses,Operating Expenses,Operating Expenses,Operating Expenses,Operating Expenses,Operating Expenses,Operating Expenses,Operating Expenses,Operating Expenses,Operating Expenses,Operating Expenses,Operating Expenses,Operating Expenses,Operating Expenses,Operating Expenses,Operating Expenses,Operating Expenses,Operating Expenses,Operating Expenses,Operating Expenses,Operating Expenses,Operating Expenses,Operating Expenses,Operating Expenses,Operating Expenses,Operating Expenses,Operating Expenses,Operating Expenses,Operating Expenses,Operating Expenses,Operating Expenses,Operating Expenses,Operating Expenses,Operating Expenses,Operating Expenses,Operating Expenses,Operating Expenses,Operating Expenses,Operating Expenses,Operating Expenses,Operating Expenses,Operating Expenses,Operating Expenses,Operating Expenses,Operating Expenses,Operating Expenses,Operating Expenses,Operating Expenses,Operating Expenses,Operating Expenses,Operating Expenses,Operating Expenses,Operating Expenses,Operating Expenses,Operating Expenses,Operating Expenses,Operating Expenses,Operating Expenses,Operating Expenses,Operating Expenses,Operating Expenses,Operating Expenses,Operating Expenses,Operating Expenses,Operating Expenses,Operating Expenses,Operating Expenses,Operating Expenses,Operating Expenses,Operating Expenses,Operating Expenses,Operating Expenses,Operating Expenses,Operating Expenses,Operating Expenses,Operating Expenses,Operating Expenses,Operating Expenses,Operating Expenses,Operating Expenses,Operating Expenses,Operating Expenses,Operating Expenses,Operating Expenses,Operating Expenses,Operating Expenses,Operating Expenses,Operating Expenses,Operating Expenses,Operating Expenses,Operating Expenses,Operating Expenses,Operating Expenses,Operating Expenses,Operating Expenses,Operating Expenses,Operating Expenses,Operating Expenses,Operating Expenses,Operating Expenses,Operating Expenses,Operating Expenses,Operating Expenses,Operating Expenses,Operating Expenses,Operating Expenses,Operating Expenses,Operating Expenses,Operating Expenses,Operating Expenses,Operating Expenses,Operating Expenses,Operating Expenses,Operating Expenses,Operating Expenses,Owner Compensation,Operating Expenses,Operating Expenses,Operating Expenses,Operating Expenses,Operating Expenses,Operating Expenses,Operating Expenses,Operating Expenses,Operating Expenses,Operating Expenses,Operating Expenses,Operating Expenses,Operating Expenses,Operating Expenses,Owner Compensation,Operating Expenses,Operating Expenses,Operating Expenses,Operating Expenses,Operating Expenses,Operating Expenses,Operating Expenses,Operating Expenses,Operating Expenses,Operating Expenses,Operating Expenses,Operating Expenses,Operating Expenses,Owner Compensation,Operating Expenses,Operating Expenses,Operating Expenses",$325865.77,$45432.43,
February 2023,,2023,February,$336058.79,"Feb-23,Feb-23,Feb-23,Feb-23,Feb-23,Feb-23,Feb-23,Feb-23,Feb-23,Feb-23,Feb-23,Feb-23,Feb-23,Feb-23,Feb-23,Feb-23,Feb-23,Feb-23,Feb-23,Feb-23,Feb-23,Feb-23,Feb-23,Feb-23,Feb-23,Feb-23,Feb-23,Feb-23,Feb-23,Feb-23,Feb-23,Feb-23,Feb-23,Feb-23,Feb-23,Feb-23,Feb-23,Feb-23,Feb-23,Feb-23,Feb-23,Feb-23,Feb-23,Feb-23,Feb-23,Feb-23,Feb-23,Feb-23,Feb-23,Feb-23,Feb-23,Feb-23,Feb-23,Feb-23,Feb-23,Feb-23,Feb-23,Feb-23,Feb-23,Feb-23,Feb-23,Feb-23,Feb-23,Feb-23,Feb-23,Feb-23,Feb-23,Feb-23,Feb-23,Feb-23,Feb-23,Feb-23,Feb-23,Feb-23,Feb-23,Feb-23,Feb-23,Feb-23,Feb-23,Feb-23,Feb-23,Feb-23,Feb-23,Feb-23,Feb-23,Feb-23,Feb-23,Feb-23,Feb-23,Feb-23,Feb-23,Feb-23,Feb-23,Feb-23,Feb-23,Feb-23,Feb-23,Feb-23,Feb-23,Feb-23,Feb-23,Feb-23,Feb-23,Feb-23,Feb-23,Feb-23,Feb-23,Feb-23,Feb-23,Feb-23,Feb-23,Feb-23,Feb-23,Feb-23,Feb-23,Feb-23,Feb-23,Feb-23,Feb-23,Feb-23,Feb-23,Feb-23,Feb-23,Feb-23,Feb-23,Feb-23,Feb-23,Feb-23,Feb-23,Feb-23,Feb-23,Feb-23,Feb-23,Feb-23,Feb-23,Feb-23,Feb-23,Feb-23,Feb-23,Feb-23,Feb-23,Feb-23,Feb-23,Feb-23,Feb-23,Feb-23,Feb-23,Feb-23,Feb-23,Feb-23,Feb-23,Feb-23,Feb-23,Feb-23","Operating Expenses,Operating Expenses,Operating Expenses,Operating Expenses,Operating Expenses,Operating Expenses,Operating Expenses,Operating Expenses,Operating Expenses,Operating Expenses,Operating Expenses,Operating Expenses,Operating Expenses,Operating Expenses,Operating Expenses,Operating Expenses,Operating Expenses,Operating Expenses,Operating Expenses,Operating Expenses,Operating Expenses,Operating Expenses,Operating Expenses,Operating Expenses,Operating Expenses,Operating Expenses,Operating Expenses,Operating Expenses,Operating Expenses,Operating Expenses,Operating Expenses,Operating Expenses,Operating Expenses,Operating Expenses,Operating Expenses,Operating Expenses,Operating Expenses,Operating Expenses,Operating Expenses,Operating Expenses,Operating Expenses,Operating Expenses,Operating Expenses,Operating Expenses,Operating Expenses,Operating Expenses,Operating Expenses,Operating Expenses,Operating Expenses,Operating Expenses,Operating Expenses,Operating Expenses,Operating Expenses,Operating Expenses,Operating Expenses,Operating Expenses,Operating Expenses,Operating Expenses,Operating Expenses,Operating Expenses,Operating Expenses,Operating Expenses,Operating Expenses,Operating Expenses,Operating Expenses,Operating Expenses,Operating Expenses,Operating Expenses,Operating Expenses,Operating Expenses,Operating Expenses,Operating Expenses,Operating Expenses,Operating Expenses,Operating Expenses,Operating Expenses,Operating Expenses,Operating Expenses,Operating Expenses,Operating Expenses,Operating Expenses,Operating Expenses,Operating Expenses,Operating Expenses,Operating Expenses,Operating Expenses,Operating Expenses,Operating Expenses,Operating Expenses,Operating Expenses,Operating Expenses,Operating Expenses,Operating Expenses,Operating Expenses,Operating Expenses,Operating Expenses,Operating Expenses,Operating Expenses,Operating Expenses,Operating Expenses,Operating Expenses,Operating Expenses,Operating Expenses,Operating Expenses,Operating Expenses,Operating Expenses,Operating Expenses,Operating Expenses,Operating Expenses,Operating Expenses,Operating Expenses,Operating Expenses,Operating Expenses,Operating Expenses,Operating Expenses,Operating Expenses,Operating Expenses,Operating Expenses,Operating Expenses,Operating Expenses,Operating Expenses,Operating Expenses,Operating Expenses,Operating Expenses,Operating Expenses,Operating Expenses,Operating Expenses,Operating Expenses,Operating Expenses,Operating Expenses,Operating Expenses,Operating Expenses,Operating Expenses,Operating Expenses,Operating Expenses,Operating Expenses,Operating Expenses,Operating Expenses,Owner Compensation,Operating Expenses,Operating Expenses,Operating Expenses,Operating Expenses,Operating Expenses,Operating Expenses,Operating Expenses,Operating Expenses,Operating Expenses,Operating Expenses,Interest Expense,Operating Expenses,Operating Expenses,Operating Expenses,Operating Expenses",$327518.55,$8540.24,
March 2023,,2023,March,$423294.85,"Mar-23,Mar-23,Mar-23,Mar-23,Mar-23,Mar-23,Mar-23,Mar-23,Mar-23,Mar-23,Mar-23,Mar-23,Mar-23,Mar-23,Mar-23,Mar-23,Mar-23,Mar-23,Mar-23,Mar-23,Mar-23,Mar-23,Mar-23,Mar-23,Mar-23,Mar-23,Mar-23,Mar-23,Mar-23,Mar-23,Mar-23,Mar-23,Mar-23,Mar-23,Mar-23,Mar-23,Mar-23,Mar-23,Mar-23,Mar-23,Mar-23,Mar-23,Mar-23,Mar-23,Mar-23,Mar-23,Mar-23,Mar-23,Mar-23,Mar-23,Mar-23,Mar-23,Mar-23,Mar-23,Mar-23,Mar-23,Mar-23,Mar-23,Mar-23,Mar-23,Mar-23,Mar-23,Mar-23,Mar-23,Mar-23,Mar-23,Mar-23,Mar-23,Mar-23,Mar-23,Mar-23,Mar-23,Mar-23,Mar-23,Mar-23,Mar-23,Mar-23,Mar-23,Mar-23,Mar-23,Mar-23,Mar-23,Mar-23,Mar-23,Mar-23,Mar-23,Mar-23,Mar-23,Mar-23,Mar-23,Mar-23,Mar-23,Mar-23,Mar-23,Mar-23,Mar-23,Mar-23,Mar-23,Mar-23,Mar-23,Mar-23,Mar-23,Mar-23,Mar-23,Mar-23,Mar-23,Mar-23,Mar-23,Mar-23,Mar-23,Mar-23,Mar-23,Mar-23,Mar-23,Mar-23,Mar-23,Mar-23,Mar-23,Mar-23,Mar-23,Mar-23,Mar-23,Mar-23,Mar-23,Mar-23,Mar-23,Mar-23,Mar-23,Mar-23,Mar-23,Mar-23,Mar-23,Mar-23,Mar-23,Mar-23,Mar-23,Mar-23","Interest Expense,Operating Expenses,Operating Expenses,Operating Expenses,Operating Expenses,Operating Expenses,Owner Compensation,Operating Expenses,Operating Expenses,Interest Expense,Operating Expenses,Operating Expenses,Operating Expenses,Operating Expenses,Operating Expenses,Interest Expense,Operating Expenses,Operating Expenses,Operating Expenses,Interest Expense,Operating Expenses,Operating Expenses,Interest Expense,Operating Expenses,Operating Expenses,Operating Expenses,Operating Expenses,Operating Expenses,Interest Expense,Operating Expenses,Operating Expenses,Operating Expenses,Operating Expenses,Operating Expenses,Operating Expenses,Operating Expenses,Operating Expenses,Operating Expenses,Operating Expenses,Operating Expenses,Interest Expense,Interest Expense,Operating Expenses,Operating Expenses,Operating Expenses,Operating Expenses,Owner Compensation,Operating Expenses,Interest Expense,Operating Expenses,Operating Expenses,Operating Expenses,Operating Expenses,Operating Expenses,Operating Expenses,Operating Expenses,Owner Compensation,Operating Expenses,Interest Expense,Operating Expenses,Operating Expenses,Operating Expenses,Operating Expenses,Operating Expenses,Operating Expenses,Operating Expenses,Operating Expenses,Operating Expenses,Operating Expenses,Operating Expenses,Operating Expenses,Operating Expenses,Interest Expense,Owner Compensation,Interest Expense,Operating Expenses,Operating Expenses,Operating Expenses,Interest Expense,Operating Expenses,Operating Expenses,Operating Expenses,Operating Expenses,Interest Expense,Operating Expenses,Operating Expenses,Operating Expenses,Operating Expenses,Operating Expenses,Owner Compensation,Operating Expenses,Operating Expenses,Operating Expenses,Interest Expense,Operating Expenses,Operating Expenses,Operating Expenses,Operating Expenses,Operating Expenses,Operating Expenses,Operating Expenses,Operating Expenses,Operating Expenses,Operating Expenses,Operating Expenses,Operating Expenses,Operating Expenses,Interest Expense,Operating Expenses,Operating Expenses,Operating Expenses,Operating Expenses,Operating Expenses,Interest Expense,Interest Expense,Operating Expenses,Operating Expenses,Operating Expenses,Operating Expenses,Interest Expense,Operating Expenses,Operating Expenses,Operating Expenses,Operating Expenses,Operating Expenses,Operating Expenses,Operating Expenses,Operating Expenses,Operating Expenses,Owner Compensation,Operating Expenses,Operating Expenses,Operating Expenses,Operating Expenses,Operating Expenses,Operating Expenses,Operating Expenses",$296227.10,$127067.75,
April 2023,,2023,April,$353106.30,"Apr-23,Apr-23,Apr-23,Apr-23,Apr-23,Apr-23,Apr-23,Apr-23,Apr-23,Apr-23,Apr-23,Apr-23,Apr-23,Apr-23,Apr-23,Apr-23,Apr-23,Apr-23,Apr-23,Apr-23,Apr-23,Apr-23,Apr-23,Apr-23,Apr-23,Apr-23,Apr-23,Apr-23,Apr-23,Apr-23,Apr-23,Apr-23,Apr-23,Apr-23,Apr-23,Apr-23,Apr-23,Apr-23,Apr-23,Apr-23,Apr-23,Apr-23,Apr-23,Apr-23,Apr-23,Apr-23,Apr-23,Apr-23,Apr-23,Apr-23,Apr-23,Apr-23,Apr-23,Apr-23,Apr-23,Apr-23,Apr-23,Apr-23,Apr-23,Apr-23,Apr-23,Apr-23,Apr-23,Apr-23,Apr-23,Apr-23,Apr-23,Apr-23,Apr-23,Apr-23,Apr-23,Apr-23,Apr-23,Apr-23,Apr-23,Apr-23,Apr-23,Apr-23,Apr-23,Apr-23,Apr-23,Apr-23,Apr-23,Apr-23,Apr-23,Apr-23,Apr-23,Apr-23,Apr-23,Apr-23,Apr-23,Apr-23,Apr-23,Apr-23,Apr-23,Apr-23,Apr-23,Apr-23,Apr-23,Apr-23,Apr-23,Apr-23,Apr-23,Apr-23,Apr-23,Apr-23,Apr-23,Apr-23,Apr-23,Apr-23,Apr-23,Apr-23,Apr-23,Apr-23,Apr-23,Apr-23,Apr-23,Apr-23,Apr-23,Apr-23,Apr-23,Apr-23,Apr-23,Apr-23,Apr-23,Apr-23,Apr-23,Apr-23,Apr-23,Apr-23,Apr-23,Apr-23,Apr-23,Apr-23,Apr-23,Apr-23,Apr-23,Apr-23,Apr-23,Apr-23,Apr-23,Apr-23,Apr-23,Apr-23,Apr-23,Apr-23,Apr-23,Apr-23,Apr-23,Apr-23,Apr-23,Apr-23,Apr-23,Apr-23,Apr-23,Apr-23","Operating Expenses,Interest Expense,Operating Expenses,Operating Expenses,Operating Expenses,Operating Expenses,Operating Expenses,Interest Expense,Operating Expenses,Operating Expenses,Operating Expenses,Operating Expenses,Interest Expense,Operating Expenses,Interest Expense,Operating Expenses,Operating Expenses,Operating Expenses,Operating Expenses,Operating Expenses,Operating Expenses,Operating Expenses,Operating Expenses,Operating Expenses,Interest Expense,Operating Expenses,Operating Expenses,Operating Expenses,Operating Expenses,Interest Expense,Operating Expenses,Interest Expense,Operating Expenses,Operating Expenses,Operating Expenses,Operating Expenses,Operating Expenses,Operating Expenses,Operating Expenses,Operating Expenses,Operating Expenses,Owner Compensation,Operating Expenses,Operating Expenses,Interest Expense,Operating Expenses,Operating Expenses,Operating Expenses,Operating Expenses,Operating Expenses,Operating Expenses,Operating Expenses,Operating Expenses,Operating Expenses,Operating Expenses,Operating Expenses,Interest Expense,Operating Expenses,Operating Expenses,Operating Expenses,Operating Expenses,Operating Expenses,Operating Expenses,Operating Expenses,Operating Expenses,Operating Expenses,Operating Expenses,Operating Expenses,Interest Expense,Operating Expenses,Operating Expenses,Operating Expenses,Operating Expenses,Operating Expenses,Operating Expenses,Operating Expenses,Interest Expense,Interest Expense,Operating Expenses,Operating Expenses,Operating Expenses,Interest Expense,Operating Expenses,Operating Expenses,Operating Expenses,Operating Expenses,Operating Expenses,Operating Expenses,Operating Expenses,Operating Expenses,Interest Expense,Operating Expenses,Operating Expenses,Operating Expenses,Operating Expenses,Operating Expenses,Operating Expenses,Operating Expenses,Operating Expenses,Operating Expenses,Operating Expenses,Operating Expenses,Operating Expenses,Operating Expenses,Operating Expenses,Operating Expenses,Operating Expenses,Operating Expenses,Operating Expenses,Interest Expense,Operating Expenses,Operating Expenses,Operating Expenses,Operating Expenses,Operating Expenses,Operating Expenses,Operating Expenses,Operating Expenses,Operating Expenses,Operating Expenses,Operating Expenses,Interest Expense,Operating Expenses,Interest Expense,Operating Expenses,Operating Expenses,Operating Expenses,Interest Expense,Operating Expenses,Operating Expenses,Operating Expenses,Operating Expenses,Operating Expenses,Operating Expenses,Operating Expenses,Operating Expenses,Interest Expense,Operating Expenses,Operating Expenses,Operating Expenses,Operating Expenses,Operating Expenses,Operating Expenses,Operating Expenses,Operating Expenses,Operating Expenses,Interest Expense,Owner Compensation,Operating Expenses,Operating Expenses,Operating Expenses,Operating Expenses,Operating Expenses,Operating Expenses,Operating Expenses,Operating Expenses",$313317.23,$39789.07,
May 2023,,2023,May,$311511.13,"May-23,May-23,May-23,May-23,May-23,May-23,May-23,May-23,May-23,May-23,May-23,May-23,May-23,May-23,May-23,May-23,May-23,May-23,May-23,May-23,May-23,May-23,May-23,May-23,May-23,May-23,May-23,May-23,May-23,May-23,May-23,May-23,May-23,May-23,May-23,May-23,May-23,May-23,May-23,May-23,May-23,May-23,May-23,May-23,May-23,May-23,May-23,May-23,May-23,May-23,May-23,May-23,May-23,May-23,May-23,May-23,May-23,May-23,May-23,May-23,May-23,May-23,May-23,May-23,May-23,May-23,May-23,May-23,May-23,May-23,May-23,May-23,May-23,May-23,May-23,May-23,May-23,May-23,May-23,May-23,May-23","Interest Expense,Operating Expenses,Operating Expenses,Operating Expenses,Operating Expenses,Interest Expense,Operating Expenses,Operating Expenses,Operating Expenses,Operating Expenses,Interest Expense,Interest Expense,Operating Expenses,Operating Expenses,Interest Expense,Interest Expense,Operating Expenses,Operating Expenses,Operating Expenses,Operating Expenses,Operating Expenses,Interest Expense,Operating Expenses,Operating Expenses,Operating Expenses,Operating Expenses,Interest Expense,Operating Expenses,Interest Expense,Operating Expenses,Interest Expense,Operating Expenses,Operating Expenses,Interest Expense,Operating Expenses,Operating Expenses,Operating Expenses,Operating Expenses,Interest Expense,Operating Expenses,Interest Expense,Operating Expenses,Operating Expenses,Interest Expense,Operating Expenses,Operating Expenses,Operating Expenses,Operating Expenses,Operating Expenses,Interest Expense,Operating Expenses,Interest Expense,Operating Expenses,Operating Expenses,Interest Expense,Operating Expenses,Interest Expense,Operating Expenses,Operating Expenses,Operating Expenses,Interest Expense,Operating Expenses,Operating Expenses,Operating Expenses,Interest Expense,Interest Expense,Operating Expenses,Operating Expenses,Operating Expenses,Operating Expenses,Operating Expenses,Operating Expenses,Operating Expenses,Operating Expenses,Owner Compensation,Operating Expenses,Operating Expenses,Operating Expenses,Interest Expense,Operating Expenses,Operating Expenses",$261646.77,$49864.36,
June 2023,,2023,June,$130885.92,"Jun-23,Jun-23,Jun-23,Jun-23,Jun-23,Jun-23,Jun-23,Jun-23,Jun-23,Jun-23,Jun-23,Jun-23,Jun-23,Jun-23,Jun-23,Jun-23,Jun-23,Jun-23,Jun-23,Jun-23,Jun-23,Jun-23,Jun-23,Jun-23,Jun-23,Jun-23,Jun-23,Jun-23,Jun-23,Jun-23,Jun-23,Jun-23,Jun-23,Jun-23,Jun-23,Jun-23,Jun-23,Jun-23,Jun-23,Jun-23,Jun-23,Jun-23,Jun-23,Jun-23,Jun-23,Jun-23,Jun-23,Jun-23,Jun-23,Jun-23,Jun-23,Jun-23,Jun-23,Jun-23,Jun-23,Jun-23,Jun-23,Jun-23,Jun-23,Jun-23,Jun-23,Jun-23,Jun-23,Jun-23,Jun-23,Jun-23,Jun-23,Jun-23,Jun-23,Jun-23,Jun-23,Jun-23,Jun-23,Jun-23,Jun-23,Jun-23,Jun-23,Jun-23,Jun-23,Jun-23,Jun-23,Jun-23,Jun-23,Jun-23,Jun-23,Jun-23,Jun-23,Jun-23,Jun-23,Jun-23,Jun-23,Jun-23,Jun-23,Jun-23,Jun-23,Jun-23,Jun-23,Jun-23,Jun-23,Jun-23,Jun-23,Jun-23,Jun-23,Jun-23,Jun-23,Jun-23,Jun-23,Jun-23,Jun-23,Jun-23,Jun-23,Jun-23,Jun-23,Jun-23,Jun-23,Jun-23,Jun-23,Jun-23,Jun-23,Jun-23,Jun-23,Jun-23,Jun-23,Jun-23,Jun-23,Jun-23,Jun-23,Jun-23,Jun-23,Jun-23,Jun-23,Jun-23,Jun-23,Jun-23,Jun-23,Jun-23,Jun-23,Jun-23,Jun-23,Jun-23,Jun-23,Jun-23,Jun-23,Jun-23,Jun-23","Operating Expenses,Operating Expenses,Operating Expenses,Operating Expenses,Operating Expenses,Operating Expenses,Interest Expense,Operating Expenses,Operating Expenses,Operating Expenses,Operating Expenses,Operating Expenses,Operating Expenses,Interest Expense,Operating Expenses,Operating Expenses,Operating Expenses,Operating Expenses,Operating Expenses,Operating Expenses,Operating Expenses,Operating Expenses,Operating Expenses,Operating Expenses,Operating Expenses,Operating Expenses,Operating Expenses,Operating Expenses,Operating Expenses,Interest Expense,Operating Expenses,Interest Expense,Operating Expenses,Operating Expenses,Operating Expenses,Operating Expenses,Operating Expenses,Operating Expenses,Operating Expenses,Operating Expenses,Interest Expense,Operating Expenses,Operating Expenses,Operating Expenses,Operating Expenses,Operating Expenses,Operating Expenses,Operating Expenses,Operating Expenses,Operating Expenses,Operating Expenses,Operating Expenses,Operating Expenses,Operating Expenses,Operating Expenses,Operating Expenses,Operating Expenses,Operating Expenses,Operating Expenses,Operating Expenses,Operating Expenses,Operating Expenses,Operating Expenses,Operating Expenses,Operating Expenses,Operating Expenses,Operating Expenses,Operating Expenses,Interest Expense,Operating Expenses,Operating Expenses,Operating Expenses,Operating Expenses,Operating Expenses,Operating Expenses,Interest Expense,Operating Expenses,Operating Expenses,Operating Expenses,Operating Expenses,Interest Expense,Operating Expenses,Operating Expenses,Operating Expenses,Operating Expenses,Operating Expenses,Operating Expenses,Operating Expenses,Interest Expense,Operating Expenses,Operating Expenses,Operating Expenses,Operating Expenses,Operating Expenses,Operating Expenses,Interest Expense,Operating Expenses,Operating Expenses,Operating Expenses,Operating Expenses,Operating Expenses,Operating Expenses,Operating Expenses,Interest Expense,Operating Expenses,Interest Expense,Operating Expenses,Operating Expenses,Operating Expenses,Interest Expense,Operating Expenses,Operating Expenses,Interest Expense,Interest Expense,Operating Expenses,Interest Expense,Interest Expense,Operating Expenses,Interest Expense,Operating Expenses,Operating Expenses,Operating Expenses,Operating Expenses,Operating Expenses,Operating Expenses,Interest Expense,Operating Expenses,Interest Expense,Operating Expenses,Operating Expenses,Operating Expenses,Operating Expenses,Operating Expenses,Operating Expenses,Operating Expenses,Owner Compensation,Interest Expense,Operating Expenses,Operating Expenses,Owner Compensation,Operating Expenses,Operating Expenses,Operating Expenses,Operating Expenses,Operating Expenses",$315914.47,-$185028.55,
July 2023,,2023,July,$202633.82,"Jul-23,Jul-23,Jul-23,Jul-23,Jul-23,Jul-23,Jul-23,Jul-23,Jul-23,Jul-23,Jul-23,Jul-23,Jul-23,Jul-23,Jul-23,Jul-23,Jul-23,Jul-23,Jul-23,Jul-23,Jul-23,Jul-23,Jul-23,Jul-23,Jul-23,Jul-23,Jul-23,Jul-23,Jul-23,Jul-23,Jul-23,Jul-23,Jul-23,Jul-23,Jul-23,Jul-23,Jul-23,Jul-23,Jul-23,Jul-23,Jul-23,Jul-23,Jul-23,Jul-23,Jul-23,Jul-23,Jul-23,Jul-23,Jul-23,Jul-23,Jul-23,Jul-23,Jul-23,Jul-23,Jul-23,Jul-23,Jul-23,Jul-23,Jul-23,Jul-23,Jul-23,Jul-23,Jul-23,Jul-23,Jul-23,Jul-23,Jul-23,Jul-23,Jul-23,Jul-23,Jul-23,Jul-23,Jul-23,Jul-23,Jul-23,Jul-23,Jul-23,Jul-23,Jul-23,Jul-23,Jul-23,Jul-23,Jul-23,Jul-23,Jul-23,Jul-23,Jul-23,Jul-23,Jul-23,Jul-23,Jul-23,Jul-23,Jul-23,Jul-23,Jul-23,Jul-23,Jul-23,Jul-23,Jul-23,Jul-23,Jul-23,Jul-23,Jul-23,Jul-23,Jul-23","Owner Compensation,Operating Expenses,Operating Expenses,Operating Expenses,Operating Expenses,Operating Expenses,Operating Expenses,Operating Expenses,Operating Expenses,Operating Expenses,Operating Expenses,Operating Expenses,Operating Expenses,Operating Expenses,Operating Expenses,Operating Expenses,Operating Expenses,Operating Expenses,Operating Expenses,Operating Expenses,Operating Expenses,Operating Expenses,Operating Expenses,Operating Expenses,Operating Expenses,Operating Expenses,Operating Expenses,Operating Expenses,Operating Expenses,Operating Expenses,Operating Expenses,Operating Expenses,Operating Expenses,Operating Expenses,Operating Expenses,Operating Expenses,Operating Expenses,Operating Expenses,Operating Expenses,Operating Expenses,Interest Expense,Interest Expense,Operating Expenses,Interest Expense,Operating Expenses,Interest Expense,Interest Expense,Operating Expenses,Operating Expenses,Interest Expense,Operating Expenses,Interest Expense,Operating Expenses,Operating Expenses,Operating Expenses,Operating Expenses,Operating Expenses,Operating Expenses,Operating Expenses,Operating Expenses,Operating Expenses,Operating Expenses,Interest Expense,Operating Expenses,Operating Expenses,Operating Expenses,Operating Expenses,Operating Expenses,Interest Expense,Operating Expenses,Operating Expenses,Interest Expense,Interest Expense,Operating Expenses,Operating Expenses,Interest Expense,Operating Expenses,Operating Expenses,Operating Expenses,Operating Expenses,Operating Expenses,Operating Expenses,Operating Expenses,Interest Expense,Operating Expenses,Operating Expenses,Operating Expenses,Operating Expenses,Operating Expenses,Operating Expenses,Operating Expenses,Operating Expenses,Operating Expenses,Operating Expenses,Operating Expenses,Interest Expense,Operating Expenses,Operating Expenses,Operating Expenses,Operating Expenses,Operating Expenses,Operating Expenses,Operating Expenses,Operating Expenses,Operating Expenses",$277651.51,-$75017.69,
August 2023,,2023,August,$224972.15,"Aug-23,Aug-23,Aug-23,Aug-23,Aug-23,Aug-23,Aug-23,Aug-23,Aug-23,Aug-23,Aug-23,Aug-23,Aug-23,Aug-23,Aug-23,Aug-23,Aug-23,Aug-23,Aug-23,Aug-23,Aug-23,Aug-23,Aug-23,Aug-23,Aug-23,Aug-23,Aug-23,Aug-23,Aug-23,Aug-23,Aug-23,Aug-23,Aug-23,Aug-23,Aug-23,Aug-23,Aug-23,Aug-23,Aug-23,Aug-23,Aug-23,Aug-23,Aug-23,Aug-23,Aug-23,Aug-23,Aug-23,Aug-23,Aug-23,Aug-23,Aug-23,Aug-23,Aug-23,Aug-23,Aug-23,Aug-23,Aug-23,Aug-23,Aug-23,Aug-23,Aug-23,Aug-23,Aug-23,Aug-23,Aug-23,Aug-23,Aug-23,Aug-23,Aug-23,Aug-23,Aug-23,Aug-23,Aug-23,Aug-23,Aug-23,Aug-23,Aug-23,Aug-23,Aug-23,Aug-23,Aug-23,Aug-23,Aug-23,Aug-23,Aug-23,Aug-23,Aug-23,Aug-23,Aug-23,Aug-23,Aug-23,Aug-23,Aug-23,Aug-23,Aug-23,Aug-23,Aug-23,Aug-23,Aug-23,Aug-23,Aug-23,Aug-23,Aug-23,Aug-23,Aug-23,Aug-23,Aug-23,Aug-23,Aug-23,Aug-23,Aug-23,Aug-23,Aug-23,Aug-23,Aug-23","Operating Expenses,Operating Expenses,Operating Expenses,Operating Expenses,Operating Expenses,Operating Expenses,Operating Expenses,Operating Expenses,Operating Expenses,Operating Expenses,Operating Expenses,Operating Expenses,Operating Expenses,Operating Expenses,Operating Expenses,Operating Expenses,Operating Expenses,Operating Expenses,Operating Expenses,Owner Compensation,Operating Expenses,Operating Expenses,Operating Expenses,Owner Compensation,Operating Expenses,Operating Expenses,Operating Expenses,Operating Expenses,Operating Expenses,Operating Expenses,Operating Expenses,Operating Expenses,Operating Expenses,Operating Expenses,Operating Expenses,Operating Expenses,Operating Expenses,Operating Expenses,Operating Expenses,Operating Expenses,Operating Expenses,Operating Expenses,Operating Expenses,Operating Expenses,Operating Expenses,Operating Expenses,Operating Expenses,Operating Expenses,Operating Expenses,Operating Expenses,Operating Expenses,Operating Expenses,Operating Expenses,Operating Expenses,Operating Expenses,Operating Expenses,Operating Expenses,Operating Expenses,Operating Expenses,Operating Expenses,Operating Expenses,Operating Expenses,Operating Expenses,Operating Expenses,Operating Expenses,Operating Expenses,Operating Expenses,Operating Expenses,Operating Expenses,Operating Expenses,Operating Expenses,Operating Expenses,Operating Expenses,Operating Expenses,Operating Expenses,Operating Expenses,Operating Expenses,Operating Expenses,Operating Expenses,Operating Expenses,Operating Expenses,Operating Expenses,Operating Expenses,Operating Expenses,Operating Expenses,Operating Expenses,Operating Expenses,Operating Expenses,Operating Expenses,Operating Expenses,Operating Expenses,Operating Expenses,Operating Expenses,Operating Expenses,Operating Expenses,Operating Expenses,Operating Expenses,Operating Expenses,Operating Expenses,Operating Expenses,Operating Expenses,Operating Expenses,Operating Expenses,Operating Expenses,Operating Expenses,Operating Expenses,Operating Expenses,Operating Expenses,Owner Compensation,Operating Expenses,Operating Expenses,Interest Expense,Operating Expenses,Operating Expenses,Operating Expenses",$181092.39,$43879.76,
Septmeber 2023,,2023,September,$208389.00,"Sep-23,Sep-23,Sep-23,Sep-23,Sep-23,Sep-23,Sep-23,Sep-23,Sep-23,Sep-23,Sep-23,Sep-23,Sep-23,Sep-23,Sep-23,Sep-23,Sep-23,Sep-23,Sep-23,Sep-23,Sep-23,Sep-23,Sep-23,Sep-23,Sep-23,Sep-23,Sep-23,Sep-23,Sep-23,Sep-23,Sep-23,Sep-23,Sep-23,Sep-23,Sep-23,Sep-23,Sep-23,Sep-23,Sep-23,Sep-23,Sep-23,Sep-23,Sep-23,Sep-23,Sep-23,Sep-23,Sep-23,Sep-23,Sep-23,Sep-23,Sep-23,Sep-23,Sep-23,Sep-23,Sep-23,Sep-23,Sep-23,Sep-23,Sep-23,Sep-23,Sep-23,Sep-23,Sep-23,Sep-23,Sep-23,Sep-23,Sep-23,Sep-23,Sep-23,Sep-23,Sep-23,Sep-23,Sep-23,Sep-23,Sep-23,Sep-23,Sep-23,Sep-23,Sep-23,Sep-23,Sep-23,Sep-23,Sep-23,Sep-23,Sep-23,Sep-23,Sep-23","Operating Expenses,Operating Expenses,Operating Expenses,Owner Compensation,Operating Expenses,Operating Expenses,Operating Expenses,Operating Expenses,Operating Expenses,Operating Expenses,Operating Expenses,Operating Expenses,Operating Expenses,Operating Expenses,Operating Expenses,Operating Expenses,Operating Expenses,Operating Expenses,Owner Compensation,Operating Expenses,Operating Expenses,Operating Expenses,Operating Expenses,Operating Expenses,Operating Expenses,Operating Expenses,Operating Expenses,Operating Expenses,Operating Expenses,Operating Expenses,Operating Expenses,Operating Expenses,Operating Expenses,Operating Expenses,Operating Expenses,Operating Expenses,Operating Expenses,Operating Expenses,Operating Expenses,Operating Expenses,Operating Expenses,Operating Expenses,Operating Expenses,Operating Expenses,Operating Expenses,Operating Expenses,Operating Expenses,Operating Expenses,Operating Expenses,Operating Expenses,Operating Expenses,Operating Expenses,Operating Expenses,Operating Expenses,Operating Expenses,Operating Expenses,Operating Expenses,Operating Expenses,Operating Expenses,Operating Expenses,Operating Expenses,Operating Expenses,Operating Expenses,Owner Compensation,Operating Expenses,Operating Expenses,Operating Expenses,Operating Expenses,Operating Expenses,Operating Expenses,Operating Expenses,Operating Expenses,Operating Expenses,Interest Expense,Operating Expenses,Operating Expenses,Owner Compensation,Operating Expenses,Operating Expenses,Operating Expenses,Operating Expenses,Operating Expenses,Owner Compensation,Operating Expenses,Operating Expenses,Operating Expenses,Operating Expenses",$276781.64,-$68392.64,
October 2023,,2023,October,$191462.27,"Oct-23,Oct-23,Oct-23,Oct-23,Oct-23,Oct-23,Oct-23,Oct-23,Oct-23,Oct-23,Oct-23,Oct-23,Oct-23,Oct-23,Oct-23,Oct-23,Oct-23,Oct-23,Oct-23,Oct-23,Oct-23,Oct-23,Oct-23,Oct-23,Oct-23,Oct-23,Oct-23,Oct-23,Oct-23,Oct-23,Oct-23,Oct-23,Oct-23,Oct-23,Oct-23,Oct-23,Oct-23,Oct-23,Oct-23,Oct-23,Oct-23,Oct-23,Oct-23,Oct-23,Oct-23,Oct-23,Oct-23,Oct-23,Oct-23,Oct-23,Oct-23,Oct-23,Oct-23,Oct-23,Oct-23,Oct-23,Oct-23,Oct-23,Oct-23,Oct-23,Oct-23,Oct-23,Oct-23,Oct-23,Oct-23,Oct-23,Oct-23,Oct-23,Oct-23,Oct-23,Oct-23,Oct-23,Oct-23,Oct-23,Oct-23,Oct-23,Oct-23,Oct-23,Oct-23,Oct-23,Oct-23,Oct-23,Oct-23,Oct-23,Oct-23,Oct-23,Oct-23,Oct-23,Oct-23,Oct-23,Oct-23,Oct-23,Oct-23,Oct-23,Oct-23,Oct-23,Oct-23,Oct-23,Oct-23,Oct-23,Oct-23,Oct-23,Oct-23,Oct-23,Oct-23,Oct-23,Oct-23,Oct-23,Oct-23,Oct-23,Oct-23,Oct-23,Oct-23,Oct-23,Oct-23,Oct-23,Oct-23,Oct-23,Oct-23,Oct-23,Oct-23","Operating Expenses,Interest Expense,Operating Expenses,Operating Expenses,Operating Expenses,Operating Expenses,Operating Expenses,Operating Expenses,Operating Expenses,Operating Expenses,Operating Expenses,Operating Expenses,Operating Expenses,Operating Expenses,Interest Expense,Operating Expenses,Operating Expenses,Operating Expenses,Interest Expense,Operating Expenses,Operating Expenses,Operating Expenses,Interest Expense,Operating Expenses,Operating Expenses,Operating Expenses,Operating Expenses,Operating Expenses,Interest Expense,Operating Expenses,Operating Expenses,Operating Expenses,Operating Expenses,Operating Expenses,Interest Expense,Operating Expenses,Interest Expense,Operating Expenses,Operating Expenses,Operating Expenses,Operating Expenses,Operating Expenses,Interest Expense,Operating Expenses,Operating Expenses,Operating Expenses,Operating Expenses,Operating Expenses,Operating Expenses,Interest Expense,Operating Expenses,Interest Expense,Operating Expenses,Operating Expenses,Operating Expenses,Operating Expenses,Operating Expenses,Interest Expense,Operating Expenses,Operating Expenses,Operating Expenses,Operating Expenses,Operating Expenses,Operating Expenses,Interest Expense,Operating Expenses,Operating Expenses,Operating Expenses,Operating Expenses,Operating Expenses,Operating Expenses,Operating Expenses,Operating Expenses,Operating Expenses,Operating Expenses,Interest Expense,Operating Expenses,Operating Expenses,Operating Expenses,Operating Expenses,Operating Expenses,Operating Expenses,Operating Expenses,Operating Expenses,Operating Expenses,Operating Expenses,Operating Expenses,Operating Expenses,Interest Expense,Operating Expenses,Operating Expenses,Operating Expenses,Operating Expenses,Operating Expenses,Operating Expenses,Operating Expenses,Operating Expenses,Operating Expenses,Operating Expenses,Operating Expenses,Owner Compensation,Operating Expenses,Operating Expenses,Operating Expenses,Operating Expenses,Operating Expenses,Operating Expenses,Operating Expenses,Operating Expenses,Operating Expenses,Operating Expenses,Operating Expenses,Operating Expenses,Operating Expenses,Operating Expenses,Operating Expenses,Operating Expenses,Operating Expenses,Operating Expenses,Operating Expenses,Operating Expenses",$240680.38,-$49218.11,
November 2023,,2023,November,$448313.28,"Nov-23,Nov-23,Nov-23,Nov-23,Nov-23,Nov-23,Nov-23,Nov-23,Nov-23,Nov-23,Nov-23,Nov-23,Nov-23,Nov-23,Nov-23,Nov-23,Nov-23,Nov-23,Nov-23,Nov-23,Nov-23,Nov-23,Nov-23,Nov-23,Nov-23,Nov-23,Nov-23,Nov-23,Nov-23,Nov-23,Nov-23,Nov-23,Nov-23,Nov-23,Nov-23,Nov-23,Nov-23,Nov-23,Nov-23,Nov-23,Nov-23,Nov-23,Nov-23,Nov-23,Nov-23,Nov-23,Nov-23,Nov-23,Nov-23,Nov-23,Nov-23,Nov-23,Nov-23,Nov-23,Nov-23,Nov-23,Nov-23,Nov-23,Nov-23,Nov-23,Nov-23,Nov-23,Nov-23,Nov-23,Nov-23,Nov-23,Nov-23,Nov-23,Nov-23,Nov-23,Nov-23,Nov-23,Nov-23,Nov-23,Nov-23,Nov-23,Nov-23,Nov-23,Nov-23,Nov-23,Nov-23,Nov-23,Nov-23,Nov-23","Operating Expenses,Interest Expense,Operating Expenses,Interest Expense,Interest Expense,Interest Expense,Owner Compensation,Interest Expense,Operating Expenses,Interest Expense,Operating Expenses,Operating Expenses,Interest Expense,Interest Expense,Operating Expenses,Operating Expenses,Operating Expenses,Operating Expenses,Operating Expenses,Operating Expenses,Operating Expenses,Operating Expenses,Operating Expenses,Operating Expenses,Operating Expenses,Interest Expense,Interest Expense,Operating Expenses,Interest Expense,Interest Expense,Interest Expense,Interest Expense,Owner Compensation,Interest Expense,Operating Expenses,Operating Expenses,Interest Expense,Operating Expenses,Operating Expenses,Interest Expense,Operating Expenses,Operating Expenses,Operating Expenses,Interest Expense,Interest Expense,Operating Expenses,Operating Expenses,Operating Expenses,Operating Expenses,Operating Expenses,Operating Expenses,Operating Expenses,Operating Expenses,Operating Expenses,Operating Expenses,Interest Expense,Operating Expenses,Interest Expense,Operating Expenses,Operating Expenses,Interest Expense,Operating Expenses,Operating Expenses,Interest Expense,Interest Expense,Interest Expense,Operating Expenses,Operating Expenses,Operating Expenses,Interest Expense,Interest Expense,Operating Expenses,Operating Expenses,Operating Expenses,Operating Expenses,Operating Expenses,Operating Expenses,Owner Compensation,Interest Expense,Operating Expenses,Operating Expenses,Operating Expenses,Operating Expenses,Operating Expenses",$171778.41,$276534.87,
December 2023,,2023,December,$404908.57,"Dec-23,Dec-23,Dec-23,Dec-23,Dec-23,Dec-23,Dec-23,Dec-23,Dec-23,Dec-23,Dec-23,Dec-23,Dec-23,Dec-23,Dec-23,Dec-23,Dec-23,Dec-23,Dec-23,Dec-23,Dec-23,Dec-23,Dec-23,Dec-23,Dec-23,Dec-23,Dec-23,Dec-23,Dec-23,Dec-23,Dec-23,Dec-23,Dec-23,Dec-23,Dec-23,Dec-23,Dec-23,Dec-23,Dec-23,Dec-23,Dec-23,Dec-23,Dec-23,Dec-23,Dec-23,Dec-23,Dec-23,Dec-23,Dec-23,Dec-23,Dec-23,Dec-23,Dec-23,Dec-23,Dec-23,Dec-23,Dec-23,Dec-23,Dec-23,Dec-23,Dec-23,Dec-23,Dec-23,Dec-23,Dec-23,Dec-23,Dec-23,Dec-23,Dec-23,Dec-23,Dec-23,Dec-23,Dec-23,Dec-23,Dec-23,Dec-23,Dec-23,Dec-23,Dec-23,Dec-23,Dec-23,Dec-23,Dec-23,Dec-23,Dec-23,Dec-23,Dec-23,Dec-23,Dec-23,Dec-23,Dec-23,Dec-23,Dec-23,Dec-23,Dec-23,Dec-23,Dec-23,Dec-23,Dec-23,Dec-23,Dec-23,Dec-23,Dec-23,Dec-23,Dec-23,Dec-23,Dec-23,Dec-23,Dec-23,Dec-23,Dec-23,Dec-23,Dec-23,Dec-23,Dec-23,Dec-23,Dec-23,Dec-23,Dec-23","Interest Expense,Interest Expense,Operating Expenses,Interest Expense,Interest Expense,Interest Expense,Operating Expenses,Operating Expenses,Interest Expense,Interest Expense,Interest Expense,Operating Expenses,Interest Expense,Operating Expenses,Interest Expense,Interest Expense,Interest Expense,Operating Expenses,Interest Expense,Interest Expense,Interest Expense,Operating Expenses,Interest Expense,Owner Compensation,Interest Expense,Operating Expenses,Interest Expense,Interest Expense,Interest Expense,Interest Expense,Operating Expenses,Operating Expenses,Operating Expenses,Operating Expenses,Operating Expenses,Interest Expense,Interest Expense,Operating Expenses,Interest Expense,Operating Expenses,Operating Expenses,Interest Expense,Operating Expenses,Operating Expenses,Operating Expenses,Operating Expenses,Operating Expenses,Operating Expenses,Operating Expenses,Interest Expense,Operating Expenses,Operating Expenses,Owner Compensation,Operating Expenses,Operating Expenses,Operating Expenses,Interest Expense,Operating Expenses,Operating Expenses,Operating Expenses,Interest Expense,Operating Expenses,Interest Expense,Operating Expenses,Operating Expenses,Interest Expense,Operating Expenses,Interest Expense,Operating Expenses,Interest Expense,Interest Expense,Operating Expenses,Interest Expense,Interest Expense,Operating Expenses,Operating Expenses,Operating Expenses,Operating Expenses,Interest Expense,Interest Expense,Operating Expenses,Interest Expense,Interest Expense,Operating Expenses,Operating Expenses,Interest Expense,Interest Expense,Operating Expenses,Interest Expense,Operating Expenses,Interest Expense,Owner Compensation,Interest Expense,Operating Expenses,Interest Expense,Operating Expenses,Operating Expenses,Operating Expenses,Operating Expenses,Operating Expenses,Operating Expenses,Operating Expenses,Operating Expenses,Interest Expense,Operating Expenses,Operating Expenses,Operating Expenses,Operating Expenses,Interest Expense,Operating Expenses,Interest Expense,Interest Expense,Operating Expenses,Operating Expenses,Operating Expenses,Operating Expenses,Operating Expenses,Operating Expenses,Owner Compensation",$320460.14,$84448.43,
July 2024,,,,$0.00,,,$0.00,$0.00,
May,,,,$0.00,,,$0.00,$0.00,
GRUPO LIBENCIBO SAPI SA DE CV,,,,$0.00,,,$0.00,$0.00,
NEW MEXXON,,,,$0.00,,,$0.00,$0.00,
GREYROCK,,,,$0.00,,,$0.00,$0.00,
ALPHA,,,,$0.00,,,$0.00,$0.00,
JUNE 2025,,,,$0.00,,,$0.00,$0.00,
augus,,,,$0.00,,,$0.00,$0.00,
January,2026,2026,January,$16919.59,"Jan-26,Jan-26,Jan-26,Jan-26,Jan-26,Jan-26,Jan-26,Jan-26,Jan-26,Jan-26,Jan-26,Jan-26,Jan-26,Jan-26,Jan-26,Jan-26,Jan-26,Jan-26,Jan-26,Jan-26,Jan-26,Jan-26,Jan-26,Jan-26,Jan-26,Jan-26,Jan-26,Jan-26,Jan-26,Jan-26,Jan-26,Jan-26,Jan-26,Jan-26","Owner Compensation,Owner Compensation,Owner Compensation,Owner Compensation,Owner Compensation,Operating Expenses,Operating Expenses,Operating Expenses,Owner Compensation,Owner Compensation,Owner Compensation,Operating Expenses,Owner Compensation,Owner Compensation,Operating Expenses,Owner Compensation,Owner Compensation,Owner Compensation,Owner Compensation,Owner Compensation,Owner Compensation,Operating Expenses,Owner Compensation,Owner Compensation,Owner Compensation,Owner Compensation,Operating Expenses,Operating Expenses,Owners Expenses,Operating Expenses,Operating Expenses,Operating Expenses,Operating Expenses,Operating Expenses",$165817.19,-$148897.60,
February,2026,2026,February,$558.10,"Feb-26,Feb-26,Feb-26,Feb-26,Feb-26,Feb-26,Feb-26,Feb-26,Feb-26,Feb-26,Feb-26,Feb-26,Feb-26,Feb-26,Feb-26,Feb-26,Feb-26,Feb-26,Feb-26,Feb-26,Feb-26,Feb-26,Feb-26,Feb-26,Feb-26,Feb-26,Feb-26,Feb-26,Feb-26,Feb-26,Feb-26,Feb-26,Feb-26,Feb-26,Feb-26,Feb-26,Feb-26,Feb-26,Feb-26,Feb-26,Feb-26,Feb-26,Feb-26","Owner Compensation,Owner Compensation,Owner Compensation,Operating Expenses,Operating Expenses,Operating Expenses,Operating Expenses,Operating Expenses,Owner Compensation,Operating Expenses,Operating Expenses,Owner Compensation,Operating Expenses,Operating Expenses,Owner Compensation,Owner Compensation,Operating Expenses,Owner Compensation,Owner Compensation,Operating Expenses,Owner Compensation,Owner Compensation,Owner Compensation,Owner Compensation,Owner Compensation,Owner Compensation,Owner Compensation,Owner Compensation,Owner Compensation,Owner Compensation,Owner Compensation,Operating Expenses,Owner Compensation,Owner Compensation,Operating Expenses,Owners Expenses,Operating Expenses,Operating Expenses,Operating Expenses,Operating Expenses,Operating Expenses,Operating Expenses,Operating Expenses",$289213.99,-$288655.89,
March,2026,2026,March,$0.00,"Mar-26,Mar-26,Mar-26,Mar-26,Mar-26,Mar-26,Mar-26,Mar-26,Mar-26,Mar-26,Mar-26,Mar-26,Mar-26,Mar-26,Mar-26,Mar-26,Mar-26,Mar-26,Mar-26,""Mar-26
"",Mar-26,Mar-26,Mar-26,Mar-26,Mar-26,Mar-26,Mar-26,Mar-26,Mar-26,Mar-26,Mar-26,Mar-26,Mar-26,Mar-26,Mar-26,Mar-26,Mar-26,Mar-26,Mar-26","Owner Compensation,Operating Expenses,Operating Expenses,Operating Expenses,Operating Expenses,Operating Expenses,Owner Compensation,Owner Compensation,Owner Compensation,Owner Compensation,Operating Expenses,Owner Compensation,Operating Expenses,Operating Expenses,Owner Compensation,Operating Expenses,Operating Expenses,Operating Expenses,Owner Compensation,Owner Compensation,Owner Compensation,Owner Compensation,Owner Compensation,Owner Compensation,Owner Compensation,Operating Expenses,Operating Expenses,Operating Expenses,Owner Compensation,Owner Compensation,Owner Compensation,Owner Compensation,Owner Compensation,Owner Compensation,Owner Compensation,Operating Expenses,Operating Expenses,Owners Expenses,Operating Expenses",$274961.13,-$274961.13,
April,2026,2026,April,$0.00,"Apr-26,Apr-26,Apr-26,Apr-26,Apr-26,Apr-26,Apr-26,Apr-26,Apr-26,Apr-26,Apr-26,Apr-26,Apr-26,Apr-26,Apr-26,Apr-26,Apr-26,Apr-26,Apr-26,Apr-26,Apr-26,Apr-26,Apr-26,Apr-26,Apr-26,Apr-26,Apr-26,Apr-26,Apr-26,Apr-26,Apr-26,Apr-26,Apr-26,Apr-26,Apr-26,Apr-26","Owner Compensation,Owner Compensation,Owner Compensation,Operating Expenses,Operating Expenses,Operating Expenses,Owner Compensation,Operating Expenses,Operating Expenses,Owner Compensation,Operating Expenses,Owner Compensation,Owner Compensation,Operating Expenses,Owner Compensation,Owner Compensation,Operating Expenses,Operating Expenses,Operating Expenses,Owner Compensation,Operating Expenses,Operating Expenses,Operating Expenses,Owner Compensation,Operating Expenses,Operating Expenses,Operating Expenses,Operating Expenses,Operating Expenses,Owner Compensation,Operating Expenses,Owner Compensation,Owner Compensation,Owner Compensation,Owner Compensation,Owner Compensation",$189579.39,-$189579.39,
May,2026,2026,May,$0.00,"May-26,May-26,May-26,May-26,May-26,May-26,May-26","Owner Compensation,Operating Expenses,Operating Expenses,Operating Expenses,Operating Expenses,Operating Expenses,Operating Expenses",$50624.03,-$50624.03,
June,2026,2026,June,$0.00,,,$0.00,$0.00,
July,2026,2026,July,$0.00,,,$0.00,$0.00,
August,2026,2026,August,$0.00,,,$0.00,$0.00,
September,2026,2026,September,$0.00,,,$0.00,$0.00,
October,2026,2026,October,$0.00,,,$0.00,$0.00,
November,2026,2026,November,$0.00,,,$0.00,$0.00,
December,2026,2026,December,$0.00,,,$0.00,$0.00,